Name,A_site,B_site,X_site,s_X,v_X,v_A,s_A,v_B,s_B
CsAcO3,Cs,Ac,O,1.42,-2,1.0,1.88,3.0,1.12
KAcO3,K,Ac,O,1.42,-2,1.0,1.64,3.0,1.12
LiAcO3,Li,Ac,O,1.42,-2,1.0,0.92,3.0,1.12
RbAcO3,Rb,Ac,O,1.42,-2,1.0,1.72,3.0,1.12
CsAsO3,Cs,As,O,1.42,-2,1.0,1.88,5,0.46
KAsO3,K,As,O,1.42,-2,1.0,1.64,5,0.46
LiAsO3,Li,As,O,1.42,-2,1.0,0.92,5,0.46
RbAsO3,Rb,As,O,1.42,-2,1.0,1.72,5,0.46
EuAsO3,Eu,As,O,1.42,-2,3,1.12,3,0.58
FeAsO3,Fe,As,O,1.42,-2,3,0.78,3,0.58
LaAsO3,La,As,O,1.42,-2,3.0,1.36,3,0.58
NaAsO3,Na,As,O,1.42,-2,1.0,1.39,5,0.46
ScAsO3,Sc,As,O,1.42,-2,3.0,0.87,3,0.58
SrAsO3,Sr,As,O,1.42,-2,2.0,1.44,3,0.58
CeAsO3,Ce,As,O,1.42,-2,3,1.34,3,0.58
GdAsO3,Gd,As,O,1.42,-2,3.0,1.107,3,0.58
AgAsO3,Ag,As,O,1.42,-2,1,1.28,5,0.46
CuAsO3,Cu,As,O,1.42,-2,1,0.77,5,0.46
InAsO3,In,As,O,1.42,-2,3.0,0.92,3,0.58
NiAsO3,Ni,As,O,1.42,-2,3,0.56,3,0.58
SbAsO3,Sb,As,O,1.42,-2,3,0.76,3,0.58
CsAuO3,Cs,Au,O,1.42,-2,1.0,1.88,5,0.57
CsAuF3,Cs,Au,F,1.33,-1,1.0,1.88,1,1.37
CsAuBr3,Cs,Au,Br,1.96,-1,1.0,1.88,1,1.37
CsAuCl3,Cs,Au,Cl,1.81,-1,1.0,1.88,1,1.37
CsAuSe3,Cs,Au,Se,1.98,-2,1.0,1.88,5,0.57
CsAuI3,Cs,Au,I,2.2,-1,1.0,1.88,1,1.37
KAuO3,K,Au,O,1.42,-2,1.0,1.64,5,0.57
KAuF3,K,Au,F,1.33,-1,1.0,1.64,1,1.37
KAuBr3,K,Au,Br,1.96,-1,1.0,1.64,1,1.37
KAuCl3,K,Au,Cl,1.81,-1,1.0,1.64,1,1.37
KAuI3,K,Au,I,2.2,-1,1.0,1.64,1,1.37
RbAuO3,Rb,Au,O,1.42,-2,1.0,1.72,5,0.57
RbAuF3,Rb,Au,F,1.33,-1,1.0,1.72,1,1.37
RbAuBr3,Rb,Au,Br,1.96,-1,1.0,1.72,1,1.37
RbAuCl3,Rb,Au,Cl,1.81,-1,1.0,1.72,1,1.37
RbAuI3,Rb,Au,I,2.2,-1,1.0,1.72,1,1.37
AlAuO3,Al,Au,O,1.42,-2,3.0,0.535,3,0.85
BeAuO3,Be,Au,O,1.42,-2,2.0,0.45,3,0.85
CoAuO3,Co,Au,O,1.42,-2,3,0.61,3,0.85
EuAuO3,Eu,Au,O,1.42,-2,3,1.12,3,0.85
LaAuO3,La,Au,O,1.42,-2,3.0,1.36,3,0.85
SrAuO3,Sr,Au,O,1.42,-2,2.0,1.44,3,0.85
BaAuO3,Ba,Au,O,1.42,-2,2.0,1.61,3,0.85
YbAuO3,Yb,Au,O,1.42,-2,3,1.042,3,0.85
AgAuO3,Ag,Au,O,1.42,-2,1,1.28,5,0.57
SbAuO3,Sb,Au,O,1.42,-2,3,0.76,3,0.85
AsAuO3,As,Au,O,1.42,-2,3,0.58,3,0.85
BAuO3,B,Au,O,1.42,-2,3.0,0.27,3,0.85
PbAuO3,Pb,Au,O,1.42,-2,2,1.49,3,0.85
ZnAuO3,Zn,Au,O,1.42,-2,2.0,0.9,3,0.85
CsBaO3,Cs,Ba,O,1.42,-2,1.0,1.88,2.0,1.61
CsBaI3,Cs,Ba,I,2.2,-1,1.0,1.88,2.0,1.61
KBaO3,K,Ba,O,1.42,-2,1.0,1.64,2.0,1.61
KBaN3,K,Ba,N,1.46,-3,1.0,1.64,2.0,1.61
RbBaO3,Rb,Ba,O,1.42,-2,1.0,1.72,2.0,1.61
RbBaN3,Rb,Ba,N,1.46,-3,1.0,1.72,2.0,1.61
CsBiO3,Cs,Bi,O,1.42,-2,1.0,1.88,5,0.76
KBiO3,K,Bi,O,1.42,-2,1.0,1.64,5,0.76
LiBiO3,Li,Bi,O,1.42,-2,1.0,0.92,5,0.76
RbBiO3,Rb,Bi,O,1.42,-2,1.0,1.72,5,0.76
RbBiF3,Rb,Bi,F,1.33,-1,1.0,1.72,3,1.03
AlBiO3,Al,Bi,O,1.42,-2,3.0,0.535,3,1.03
BeBiO3,Be,Bi,O,1.42,-2,2.0,0.45,3,1.03
CoBiO3,Co,Bi,O,1.42,-2,3,0.61,3,1.03
FeBiO3,Fe,Bi,O,1.42,-2,3,0.78,3,1.03
LaBiO3,La,Bi,O,1.42,-2,3.0,1.36,3,1.03
MnBiO3,Mn,Bi,O,1.42,-2,3,0.645,3,1.03
NaBiO3,Na,Bi,O,1.42,-2,1.0,1.39,5,0.76
NbBiO3,Nb,Bi,O,1.42,-2,3,0.72,3,1.03
ScBiO3,Sc,Bi,O,1.42,-2,3.0,0.87,3,1.03
SiBiO3,Si,Bi,O,1.42,-2,4.0,0.4,3,1.03
SmBiS3,Sm,Bi,S,1.84,-2,3,1.24,3,1.03
SrBiO3,Sr,Bi,O,1.42,-2,2.0,1.44,3,1.03
SrBiSe3,Sr,Bi,Se,1.98,-2,2.0,1.44,3,1.03
VBiO3,V,Bi,O,1.42,-2,3,0.64,3,1.03
YBiO3,Y,Bi,O,1.42,-2,3.0,1.075,3,1.03
BaBiO3,Ba,Bi,O,1.42,-2,2.0,1.61,3,1.03
BaBiSe3,Ba,Bi,Se,1.98,-2,2.0,1.61,3,1.03
DyBiO3,Dy,Bi,O,1.42,-2,3,1.083,3,1.03
ErBiO3,Er,Bi,O,1.42,-2,3.0,1.062,3,1.03
HoBiO3,Ho,Bi,O,1.42,-2,3.0,1.12,3,1.03
LuBiO3,Lu,Bi,O,1.42,-2,3.0,1.032,3,1.03
MgBiO3,Mg,Bi,O,1.42,-2,2.0,0.89,3,1.03
NdBiO3,Nd,Bi,O,1.42,-2,3,1.27,3,1.03
PrBiO3,Pr,Bi,O,1.42,-2,3,1.179,3,1.03
TmBiO3,Tm,Bi,O,1.42,-2,3,1.052,3,1.03
YbBiO3,Yb,Bi,O,1.42,-2,3,1.042,3,1.03
AgBiO3,Ag,Bi,O,1.42,-2,1,1.28,5,0.76
CuBiO3,Cu,Bi,O,1.42,-2,1,0.77,5,0.76
InBiO3,In,Bi,O,1.42,-2,3.0,0.92,3,1.03
InBiS3,In,Bi,S,1.84,-2,3.0,0.92,3,1.03
InBiSe3,In,Bi,Se,1.98,-2,3.0,0.92,3,1.03
NiBiO3,Ni,Bi,O,1.42,-2,3,0.56,3,1.03
ZnBiO3,Zn,Bi,O,1.42,-2,2.0,0.9,3,1.03
CaBiO3,Ca,Bi,O,1.42,-2,2.0,1.34,3,1.03
CdBiO3,Cd,Bi,O,1.42,-2,2.0,1.31,3,1.03
CrBiO3,Cr,Bi,O,1.42,-2,3,0.615,3,1.03
GaBiO3,Ga,Bi,O,1.42,-2,3.0,0.62,3,1.03
GeBiO3,Ge,Bi,O,1.42,-2,2,0.73,3,1.03
ReBiO3,Re,Bi,O,1.42,-2,4,0.63,3,1.03
CsBrO3,Cs,Br,O,1.42,-2,1.0,1.88,5,0.31
KBrO3,K,Br,O,1.42,-2,1.0,1.64,5,0.31
LiBrO3,Li,Br,O,1.42,-2,1.0,0.92,5,0.31
RbBrO3,Rb,Br,O,1.42,-2,1.0,1.72,5,0.31
NaBrO3,Na,Br,O,1.42,-2,1.0,1.39,5,0.31
AgBrO3,Ag,Br,O,1.42,-2,1,1.28,5,0.31
TlBrO3,Tl,Br,O,1.42,-2,1,1.7,5,0.31
CBrH3,C,Br,H,2.08,-1,4.0,0.16,3,0.59
CsCaO3,Cs,Ca,O,1.42,-2,1.0,1.88,2.0,1.34
CsCaF3,Cs,Ca,F,1.33,-1,1.0,1.88,2.0,1.34
CsCaBr3,Cs,Ca,Br,1.96,-1,1.0,1.88,2.0,1.34
CsCaCl3,Cs,Ca,Cl,1.81,-1,1.0,1.88,2.0,1.34
CsCaH3,Cs,Ca,H,2.08,-1,1.0,1.88,2.0,1.34
CsCaI3,Cs,Ca,I,2.2,-1,1.0,1.88,2.0,1.34
KCaO3,K,Ca,O,1.42,-2,1.0,1.64,2.0,1.34
KCaF3,K,Ca,F,1.33,-1,1.0,1.64,2.0,1.34
KCaBr3,K,Ca,Br,1.96,-1,1.0,1.64,2.0,1.34
KCaCl3,K,Ca,Cl,1.81,-1,1.0,1.64,2.0,1.34
KCaH3,K,Ca,H,2.08,-1,1.0,1.64,2.0,1.34
KCaI3,K,Ca,I,2.2,-1,1.0,1.64,2.0,1.34
LiCaO3,Li,Ca,O,1.42,-2,1.0,0.92,2.0,1.34
LiCaF3,Li,Ca,F,1.33,-1,1.0,0.92,2.0,1.34
LiCaH3,Li,Ca,H,2.08,-1,1.0,0.92,2.0,1.34
RbCaO3,Rb,Ca,O,1.42,-2,1.0,1.72,2.0,1.34
RbCaF3,Rb,Ca,F,1.33,-1,1.0,1.72,2.0,1.34
RbCaBr3,Rb,Ca,Br,1.96,-1,1.0,1.72,2.0,1.34
RbCaCl3,Rb,Ca,Cl,1.81,-1,1.0,1.72,2.0,1.34
RbCaH3,Rb,Ca,H,2.08,-1,1.0,1.72,2.0,1.34
RbCaI3,Rb,Ca,I,2.2,-1,1.0,1.72,2.0,1.34
NaCaO3,Na,Ca,O,1.42,-2,1.0,1.39,2.0,1.34
NaCaH3,Na,Ca,H,2.08,-1,1.0,1.39,2.0,1.34
NaCaN3,Na,Ca,N,1.46,-3,1.0,1.39,2.0,1.34
SrCaO3,Sr,Ca,O,1.42,-2,2.0,1.44,2.0,1.34
BaCaO3,Ba,Ca,O,1.42,-2,2.0,1.61,2.0,1.34
CsCdO3,Cs,Cd,O,1.42,-2,1.0,1.88,2.0,1.31
CsCdF3,Cs,Cd,F,1.33,-1,1.0,1.88,2.0,1.31
CsCdBr3,Cs,Cd,Br,1.96,-1,1.0,1.88,2.0,1.31
CsCdCl3,Cs,Cd,Cl,1.81,-1,1.0,1.88,2.0,1.31
KCdO3,K,Cd,O,1.42,-2,1.0,1.64,2.0,1.31
KCdF3,K,Cd,F,1.33,-1,1.0,1.64,2.0,1.31
KCdCl3,K,Cd,Cl,1.81,-1,1.0,1.64,2.0,1.31
KCdN3,K,Cd,N,1.46,-3,1.0,1.64,2.0,1.31
LiCdO3,Li,Cd,O,1.42,-2,1.0,0.92,2.0,1.31
RbCdO3,Rb,Cd,O,1.42,-2,1.0,1.72,2.0,1.31
RbCdF3,Rb,Cd,F,1.33,-1,1.0,1.72,2.0,1.31
RbCdBr3,Rb,Cd,Br,1.96,-1,1.0,1.72,2.0,1.31
RbCdCl3,Rb,Cd,Cl,1.81,-1,1.0,1.72,2.0,1.31
RbCdN3,Rb,Cd,N,1.46,-3,1.0,1.72,2.0,1.31
BeCdO3,Be,Cd,O,1.42,-2,2.0,0.45,2.0,1.31
EuCdO3,Eu,Cd,O,1.42,-2,3,1.12,2.0,1.31
LaCdO3,La,Cd,O,1.42,-2,3.0,1.36,2.0,1.31
MnCdO3,Mn,Cd,O,1.42,-2,4,0.53,2.0,1.31
NaCdO3,Na,Cd,O,1.42,-2,1.0,1.39,2.0,1.31
NaCdF3,Na,Cd,F,1.33,-1,1.0,1.39,2.0,1.31
VCdO3,V,Cd,O,1.42,-2,4,0.72,2.0,1.31
BaCdO3,Ba,Cd,O,1.42,-2,2.0,1.61,2.0,1.31
CeCdO3,Ce,Cd,O,1.42,-2,4,1.14,2.0,1.31
GdCdO3,Gd,Cd,O,1.42,-2,3.0,1.107,2.0,1.31
TiCdO3,Ti,Cd,O,1.42,-2,4,0.74,2.0,1.31
YbCdO3,Yb,Cd,O,1.42,-2,3,1.042,2.0,1.31
ZrCdO3,Zr,Cd,O,1.42,-2,4.0,0.89,2.0,1.31
HfCdO3,Hf,Cd,O,1.42,-2,4.0,0.83,2.0,1.31
TlCdF3,Tl,Cd,F,1.33,-1,1,1.7,2.0,1.31
TlCdBr3,Tl,Cd,Br,1.96,-1,1,1.7,2.0,1.31
TlCdCl3,Tl,Cd,Cl,1.81,-1,1,1.7,2.0,1.31
TlCdI3,Tl,Cd,I,2.2,-1,1,1.7,2.0,1.31
TlCdN3,Tl,Cd,N,1.46,-3,3,0.98,2.0,1.31
CsClO3,Cs,Cl,O,1.42,-2,1.0,1.88,5,0.12
KClO3,K,Cl,O,1.42,-2,1.0,1.64,5,0.12
RbClO3,Rb,Cl,O,1.42,-2,1.0,1.72,5,0.12
MnClO3,Mn,Cl,O,1.42,-2,7,0.46,-1,1.81
NaClO3,Na,Cl,O,1.42,-2,1.0,1.39,5,0.12
BaClO3,Ba,Cl,O,1.42,-2,2.0,1.61,5,0.12
AgClO3,Ag,Cl,O,1.42,-2,1,1.28,5,0.12
GeClH3,Ge,Cl,H,2.08,-1,4,0.53,-1,1.81
TlClO3,Tl,Cl,O,1.42,-2,1,1.7,5,0.12
ReClO3,Re,Cl,O,1.42,-2,7,0.53,-1,1.81
CClH3,C,Cl,H,2.08,-1,4.0,0.16,-1,1.81
CsEuO3,Cs,Eu,O,1.42,-2,1.0,1.88,3.0,1.062
CsEuF3,Cs,Eu,F,1.33,-1,1.0,1.88,3.0,1.062
CsEuBr3,Cs,Eu,Br,1.96,-1,1.0,1.88,3.0,1.062
CsEuCl3,Cs,Eu,Cl,1.81,-1,1.0,1.88,3.0,1.062
LiEuO3,Li,Eu,O,1.42,-2,1.0,0.92,3.0,1.062
LiEuH3,Li,Eu,H,2.08,-1,1.0,0.92,3.0,1.062
RbEuCl3,Rb,Eu,Cl,1.81,-1,1.0,1.72,3.0,1.062
SrEuO3,Sr,Eu,O,1.42,-2,2.0,1.44,3.0,1.062
BaEuO3,Ba,Eu,O,1.42,-2,2.0,1.61,3.0,1.062
YbEuO3,Yb,Eu,O,1.42,-2,3,1.042,3.0,1.062
PmEuO3,Pm,Eu,O,1.42,-2,3.0,1.144,3.0,1.062
CsGdO3,Cs,Gd,O,1.42,-2,1.0,1.88,3.0,1.107
KGdO3,K,Gd,O,1.42,-2,1.0,1.64,3.0,1.107
LiGdO3,Li,Gd,O,1.42,-2,1.0,0.92,3.0,1.107
RbGdO3,Rb,Gd,O,1.42,-2,1.0,1.72,3.0,1.107
SmGdS3,Sm,Gd,S,1.84,-2,3,1.24,3.0,1.107
TbGdO3,Tb,Gd,O,1.42,-2,3,1.095,3.0,1.107
YbGdS3,Yb,Gd,S,1.84,-2,3,1.042,3.0,1.107
CsGeO3,Cs,Ge,O,1.42,-2,1.0,1.88,4,0.53
CsGeBr3,Cs,Ge,Br,1.96,-1,1.0,1.88,2,0.73
CsGeCl3,Cs,Ge,Cl,1.81,-1,1.0,1.88,2,0.73
CsGeI3,Cs,Ge,I,2.2,-1,1.0,1.88,2,0.73
KGeBr3,K,Ge,Br,1.96,-1,1.0,1.64,2,0.73
KGeCl3,K,Ge,Cl,1.81,-1,1.0,1.64,2,0.73
LiGeO3,Li,Ge,O,1.42,-2,1.0,0.92,4,0.53
RbGeO3,Rb,Ge,O,1.42,-2,1.0,1.72,4,0.53
RbGeBr3,Rb,Ge,Br,1.96,-1,1.0,1.72,2,0.73
RbGeCl3,Rb,Ge,Cl,1.81,-1,1.0,1.72,2,0.73
RbGeI3,Rb,Ge,I,2.2,-1,1.0,1.72,2,0.73
BeGeO3,Be,Ge,O,1.42,-2,2.0,0.45,4,0.53
CoGeO3,Co,Ge,O,1.42,-2,2,0.9,4,0.53
EuGeO3,Eu,Ge,O,1.42,-2,2,1.35,4,0.53
EuGeS3,Eu,Ge,S,1.84,-2,2,1.35,4,0.53
FeGeO3,Fe,Ge,O,1.42,-2,2,0.92,4,0.53
FeGeS3,Fe,Ge,S,1.84,-2,2,0.92,4,0.53
MnGeO3,Mn,Ge,O,1.42,-2,2,0.96,4,0.53
NaGeO3,Na,Ge,O,1.42,-2,1.0,1.39,4,0.53
SiGeO3,Si,Ge,O,1.42,-2,4.0,0.4,2,0.73
SmGeO3,Sm,Ge,O,1.42,-2,2,1.32,4,0.53
SrGeO3,Sr,Ge,O,1.42,-2,2.0,1.44,4,0.53
VGeO3,V,Ge,O,1.42,-2,2,0.79,4,0.53
BaGeO3,Ba,Ge,O,1.42,-2,2.0,1.61,4,0.53
BaGeS3,Ba,Ge,S,1.84,-2,2.0,1.61,4,0.53
HoGeO3,Ho,Ge,O,1.42,-2,3.0,1.12,2,0.73
LuGeO3,Lu,Ge,O,1.42,-2,3.0,1.032,2,0.73
MgGeO3,Mg,Ge,O,1.42,-2,2.0,0.89,4,0.53
NdGeO3,Nd,Ge,O,1.42,-2,2,1.35,4,0.53
TbGeO3,Tb,Ge,O,1.42,-2,4,0.88,2,0.73
TiGeO3,Ti,Ge,O,1.42,-2,2,0.86,4,0.53
TiGeS3,Ti,Ge,S,1.84,-2,2,0.86,4,0.53
TmGeO3,Tm,Ge,O,1.42,-2,2,1.09,4,0.53
YbGeO3,Yb,Ge,O,1.42,-2,2,1.14,4,0.53
AgGeO3,Ag,Ge,O,1.42,-2,2,0.94,4,0.53
CuGeO3,Cu,Ge,O,1.42,-2,2,0.73,4,0.53
CuGeI3,Cu,Ge,I,2.2,-1,1,0.77,2,0.73
InGeCl3,In,Ge,Cl,1.81,-1,3.0,0.92,2,0.73
ZnGeO3,Zn,Ge,O,1.42,-2,2.0,0.9,4,0.53
CaGeO3,Ca,Ge,O,1.42,-2,2.0,1.34,4,0.53
CdGeO3,Cd,Ge,O,1.42,-2,2.0,1.31,4,0.53
CrGeO3,Cr,Ge,O,1.42,-2,2,0.73,4,0.53
GaGeO3,Ga,Ge,O,1.42,-2,3.0,0.62,2,0.73
SnGeO3,Sn,Ge,O,1.42,-2,4.0,0.81,2,0.73
SnGeS3,Sn,Ge,S,1.84,-2,4.0,0.81,2,0.73
TlGeO3,Tl,Ge,O,1.42,-2,1,1.7,4,0.53
TlGeF3,Tl,Ge,F,1.33,-1,1,1.7,2,0.73
TlGeBr3,Tl,Ge,Br,1.96,-1,1,1.7,2,0.73
TlGeCl3,Tl,Ge,Cl,1.81,-1,1,1.7,2,0.73
TlGeI3,Tl,Ge,I,2.2,-1,1,1.7,2,0.73
CsIO3,Cs,I,O,1.42,-2,1.0,1.88,5,0.95
KIO3,K,I,O,1.42,-2,1.0,1.64,5,0.95
LiIO3,Li,I,O,1.42,-2,1.0,0.92,5,0.95
RbIO3,Rb,I,O,1.42,-2,1.0,1.72,5,0.95
LaIO3,La,I,O,1.42,-2,3.0,1.36,5,0.95
NaIO3,Na,I,O,1.42,-2,1.0,1.39,5,0.95
AgIO3,Ag,I,O,1.42,-2,1,1.28,5,0.95
TlIO3,Tl,I,O,1.42,-2,1,1.7,5,0.95
CIF3,C,I,F,1.33,-1,4.0,0.16,-1,2.2
CIH3,C,I,H,2.08,-1,4.0,0.16,-1,2.2
CsIrO3,Cs,Ir,O,1.42,-2,1.0,1.88,5,0.57
KIrO3,K,Ir,O,1.42,-2,1.0,1.64,5,0.57
RbIrO3,Rb,Ir,O,1.42,-2,1.0,1.72,5,0.57
AlIrO3,Al,Ir,O,1.42,-2,3.0,0.535,3,0.68
EuIrO3,Eu,Ir,O,1.42,-2,3,1.12,3,0.68
NaIrO3,Na,Ir,O,1.42,-2,1.0,1.39,5,0.57
SrIrO3,Sr,Ir,O,1.42,-2,2.0,1.44,4,0.625
VIrO3,V,Ir,O,1.42,-2,3,0.64,3,0.68
BaIrO3,Ba,Ir,O,1.42,-2,2.0,1.61,4,0.625
ErIrO3,Er,Ir,O,1.42,-2,3.0,1.062,3,0.68
MgIrO3,Mg,Ir,O,1.42,-2,2.0,0.89,4,0.625
UIrO3,U,Ir,O,1.42,-2,3,1.025,3,0.68
BIrO3,B,Ir,O,1.42,-2,3.0,0.27,3,0.68
ZnIrO3,Zn,Ir,O,1.42,-2,2.0,0.9,4,0.625
CaIrO3,Ca,Ir,O,1.42,-2,2.0,1.34,4,0.625
CdIrO3,Cd,Ir,O,1.42,-2,2.0,1.31,4,0.625
PuIrO3,Pu,Ir,O,1.42,-2,3,1,3,0.68
CsKO3,Cs,K,O,1.42,-2,1.0,1.88,1.0,1.64
CsLaO3,Cs,La,O,1.42,-2,1.0,1.88,3.0,1.36
LiLaO3,Li,La,O,1.42,-2,1.0,0.92,3.0,1.36
CaLaO3,Ca,La,O,1.42,-2,2.0,1.34,3.0,1.36
CsMgO3,Cs,Mg,O,1.42,-2,1.0,1.88,2.0,0.89
CsMgF3,Cs,Mg,F,1.33,-1,1.0,1.88,2.0,0.89
CsMgBr3,Cs,Mg,Br,1.96,-1,1.0,1.88,2.0,0.89
CsMgCl3,Cs,Mg,Cl,1.81,-1,1.0,1.88,2.0,0.89
CsMgH3,Cs,Mg,H,2.08,-1,1.0,1.88,2.0,0.89
CsMgI3,Cs,Mg,I,2.2,-1,1.0,1.88,2.0,0.89
KMgO3,K,Mg,O,1.42,-2,1.0,1.64,2.0,0.89
KMgF3,K,Mg,F,1.33,-1,1.0,1.64,2.0,0.89
KMgCl3,K,Mg,Cl,1.81,-1,1.0,1.64,2.0,0.89
KMgH3,K,Mg,H,2.08,-1,1.0,1.64,2.0,0.89
LiMgO3,Li,Mg,O,1.42,-2,1.0,0.92,2.0,0.89
LiMgH3,Li,Mg,H,2.08,-1,1.0,0.92,2.0,0.89
RbMgO3,Rb,Mg,O,1.42,-2,1.0,1.72,2.0,0.89
RbMgF3,Rb,Mg,F,1.33,-1,1.0,1.72,2.0,0.89
RbMgCl3,Rb,Mg,Cl,1.81,-1,1.0,1.72,2.0,0.89
RbMgH3,Rb,Mg,H,2.08,-1,1.0,1.72,2.0,0.89
EuMgO3,Eu,Mg,O,1.42,-2,3,1.12,2.0,0.89
LaMgO3,La,Mg,O,1.42,-2,3.0,1.36,2.0,0.89
LaMgS3,La,Mg,S,1.84,-2,3.0,1.36,2.0,0.89
LaMgSe3,La,Mg,Se,1.98,-2,3.0,1.36,2.0,0.89
NaMgO3,Na,Mg,O,1.42,-2,1.0,1.39,2.0,0.89
NaMgF3,Na,Mg,F,1.33,-1,1.0,1.39,2.0,0.89
NaMgH3,Na,Mg,H,2.08,-1,1.0,1.39,2.0,0.89
SmMgS3,Sm,Mg,S,1.84,-2,3,1.24,2.0,0.89
SmMgSe3,Sm,Mg,Se,1.98,-2,3,1.24,2.0,0.89
SrMgO3,Sr,Mg,O,1.42,-2,2.0,1.44,2.0,0.89
YMgS3,Y,Mg,S,1.84,-2,3.0,1.075,2.0,0.89
YMgSe3,Y,Mg,Se,1.98,-2,3.0,1.075,2.0,0.89
AcMgO3,Ac,Mg,O,1.42,-2,3.0,1.12,2.0,0.89
CeMgS3,Ce,Mg,S,1.84,-2,4,1.14,2.0,0.89
CeMgSe3,Ce,Mg,Se,1.98,-2,4,1.14,2.0,0.89
DyMgS3,Dy,Mg,S,1.84,-2,3,1.083,2.0,0.89
DyMgSe3,Dy,Mg,Se,1.98,-2,3,1.083,2.0,0.89
ErMgS3,Er,Mg,S,1.84,-2,3.0,1.062,2.0,0.89
ErMgSe3,Er,Mg,Se,1.98,-2,3.0,1.062,2.0,0.89
HoMgS3,Ho,Mg,S,1.84,-2,3.0,1.12,2.0,0.89
HoMgSe3,Ho,Mg,Se,1.98,-2,3.0,1.12,2.0,0.89
LuMgSe3,Lu,Mg,Se,1.98,-2,3.0,1.032,2.0,0.89
NdMgO3,Nd,Mg,O,1.42,-2,3,1.27,2.0,0.89
NdMgS3,Nd,Mg,S,1.84,-2,3,1.27,2.0,0.89
NdMgSe3,Nd,Mg,Se,1.98,-2,3,1.27,2.0,0.89
PrMgS3,Pr,Mg,S,1.84,-2,4,0.96,2.0,0.89
PrMgSe3,Pr,Mg,Se,1.98,-2,4,0.96,2.0,0.89
TbMgO3,Tb,Mg,O,1.42,-2,4,0.88,2.0,0.89
TbMgS3,Tb,Mg,S,1.84,-2,4,0.88,2.0,0.89
TbMgSe3,Tb,Mg,Se,1.98,-2,4,0.88,2.0,0.89
TmMgS3,Tm,Mg,S,1.84,-2,3,1.052,2.0,0.89
TmMgSe3,Tm,Mg,Se,1.98,-2,3,1.052,2.0,0.89
YbMgO3,Yb,Mg,O,1.42,-2,3,1.042,2.0,0.89
YbMgS3,Yb,Mg,S,1.84,-2,3,1.042,2.0,0.89
YbMgSe3,Yb,Mg,Se,1.98,-2,3,1.042,2.0,0.89
CaMgO3,Ca,Mg,O,1.42,-2,2.0,1.34,2.0,0.89
HfMgO3,Hf,Mg,O,1.42,-2,4.0,0.83,2.0,0.89
PuMgO3,Pu,Mg,O,1.42,-2,4,0.96,2.0,0.89
PmMgO3,Pm,Mg,O,1.42,-2,3.0,1.144,2.0,0.89
PmMgS3,Pm,Mg,S,1.84,-2,3.0,1.144,2.0,0.89
PmMgSe3,Pm,Mg,Se,1.98,-2,3.0,1.144,2.0,0.89
CsMoO3,Cs,Mo,O,1.42,-2,1.0,1.88,5,0.61
KMoO3,K,Mo,O,1.42,-2,1.0,1.64,5,0.61
RbMoO3,Rb,Mo,O,1.42,-2,1.0,1.72,5,0.61
AlMoO3,Al,Mo,O,1.42,-2,3.0,0.535,3,0.69
AlMoN3,Al,Mo,N,1.46,-3,3.0,0.535,6,0.59
CoMoO3,Co,Mo,O,1.42,-2,3,0.61,3,0.69
CoMoN3,Co,Mo,N,1.46,-3,3,0.61,6,0.59
EuMoO3,Eu,Mo,O,1.42,-2,3,1.12,3,0.69
LaMoN3,La,Mo,N,1.46,-3,3.0,1.36,6,0.59
NaMoO3,Na,Mo,O,1.42,-2,1.0,1.39,5,0.61
NbMoS3,Nb,Mo,S,1.84,-2,3,0.72,3,0.69
NbMoSe3,Nb,Mo,Se,1.98,-2,3,0.72,3,0.69
NbMoN3,Nb,Mo,N,1.46,-3,3,0.72,6,0.59
ScMoN3,Sc,Mo,N,1.46,-3,3.0,0.87,6,0.59
SiMoO3,Si,Mo,O,1.42,-2,4.0,0.4,3,0.69
SrMoO3,Sr,Mo,O,1.42,-2,2.0,1.44,4,0.65
TaMoN3,Ta,Mo,N,1.46,-3,3,0.72,6,0.59
VMoN3,V,Mo,N,1.46,-3,3,0.64,6,0.59
YMoO3,Y,Mo,O,1.42,-2,3.0,1.075,3,0.69
YMoN3,Y,Mo,N,1.46,-3,3.0,1.075,6,0.59
BaMoO3,Ba,Mo,O,1.42,-2,2.0,1.61,4,0.65
MgMoO3,Mg,Mo,O,1.42,-2,2.0,0.89,4,0.65
NpMoO3,Np,Mo,O,1.42,-2,3,1.01,3,0.69
TiMoS3,Ti,Mo,S,1.84,-2,3,0.67,3,0.69
TiMoN3,Ti,Mo,N,1.46,-3,3,0.67,6,0.59
ZrMoN3,Zr,Mo,N,1.46,-3,4.0,0.89,5,0.61
NiMoO3,Ni,Mo,O,1.42,-2,3,0.56,3,0.69
NiMoN3,Ni,Mo,N,1.46,-3,3,0.56,6,0.59
BMoN3,B,Mo,N,1.46,-3,3.0,0.27,6,0.59
ZnMoO3,Zn,Mo,O,1.42,-2,2.0,0.9,4,0.65
BiMoO3,Bi,Mo,O,1.42,-2,3,1.17,3,0.69
CaMoO3,Ca,Mo,O,1.42,-2,2.0,1.34,4,0.65
CaMoN3,Ca,Mo,N,1.46,-3,2.0,1.34,6,0.59
CrMoO3,Cr,Mo,O,1.42,-2,3,0.615,3,0.69
GaMoN3,Ga,Mo,N,1.46,-3,3.0,0.62,6,0.59
ThMoO3,Th,Mo,O,1.42,-2,4.0,1.21,3,0.69
ReMoN3,Re,Mo,N,1.46,-3,5,0.58,4,0.65
CsNaO3,Cs,Na,O,1.42,-2,1.0,1.88,1.0,1.39
CsNaF3,Cs,Na,F,1.33,-1,1.0,1.88,1.0,1.39
KNaO3,K,Na,O,1.42,-2,1.0,1.64,1.0,1.39
RbNaO3,Rb,Na,O,1.42,-2,1.0,1.72,1.0,1.39
CsNbO3,Cs,Nb,O,1.42,-2,1.0,1.88,5,0.64
KNbO3,K,Nb,O,1.42,-2,1.0,1.64,5,0.64
LiNbO3,Li,Nb,O,1.42,-2,1.0,0.92,5,0.64
RbNbO3,Rb,Nb,O,1.42,-2,1.0,1.72,5,0.64
EuNbO3,Eu,Nb,O,1.42,-2,3,1.12,3,0.72
NaNbO3,Na,Nb,O,1.42,-2,1.0,1.39,5,0.64
SrNbO3,Sr,Nb,O,1.42,-2,2.0,1.44,4,0.68
BaNbO3,Ba,Nb,O,1.42,-2,2.0,1.61,4,0.68
BaNbS3,Ba,Nb,S,1.84,-2,2.0,1.61,4,0.68
PrNbO3,Pr,Nb,O,1.42,-2,3,1.179,3,0.72
YbNbO3,Yb,Nb,O,1.42,-2,3,1.042,3,0.72
CaNbO3,Ca,Nb,O,1.42,-2,2.0,1.34,4,0.68
CsNdO3,Cs,Nd,O,1.42,-2,1.0,1.88,3,0.983
LiNdO3,Li,Nd,O,1.42,-2,1.0,0.92,3,0.983
SrNdO3,Sr,Nd,O,1.42,-2,2.0,1.44,3,0.983
BaNdO3,Ba,Nd,O,1.42,-2,2.0,1.61,3,0.983
YbNdO3,Yb,Nd,O,1.42,-2,3,1.042,3,0.983
YbNdS3,Yb,Nd,S,1.84,-2,3,1.042,3,0.983
YbNdSe3,Yb,Nd,Se,1.98,-2,3,1.042,3,0.983
CsNpO3,Cs,Np,O,1.42,-2,1.0,1.88,5,0.75
KNpO3,K,Np,O,1.42,-2,1.0,1.64,5,0.75
RbNpO3,Rb,Np,O,1.42,-2,1.0,1.72,5,0.75
EuNpO3,Eu,Np,O,1.42,-2,3,1.12,3,1.01
BaNpO3,Ba,Np,O,1.42,-2,2.0,1.61,4,0.87
LuNpO3,Lu,Np,O,1.42,-2,3.0,1.032,3,1.01
NdNpO3,Nd,Np,O,1.42,-2,3,1.27,3,1.01
HfNpO3,Hf,Np,O,1.42,-2,4.0,0.83,2,1.1
CsOsO3,Cs,Os,O,1.42,-2,1.0,1.88,5,0.575
KOsO3,K,Os,O,1.42,-2,1.0,1.64,5,0.575
LiOsO3,Li,Os,O,1.42,-2,1.0,0.92,5,0.575
RbOsO3,Rb,Os,O,1.42,-2,1.0,1.72,5,0.575
BeOsO3,Be,Os,O,1.42,-2,2.0,0.45,4,0.63
EuOsO3,Eu,Os,O,1.42,-2,2,1.35,4,0.63
LaOsN3,La,Os,N,1.46,-3,3.0,1.36,6,0.545
NaOsO3,Na,Os,O,1.42,-2,1.0,1.39,5,0.575
PaOsO3,Pa,Os,O,1.42,-2,3,1.04,4,0.63
SrOsO3,Sr,Os,O,1.42,-2,2.0,1.44,4,0.63
VOsO3,V,Os,O,1.42,-2,2,0.79,4,0.63
YOsO3,Y,Os,O,1.42,-2,3.0,1.075,4,0.63
BaOsO3,Ba,Os,O,1.42,-2,2.0,1.61,4,0.63
MgOsO3,Mg,Os,O,1.42,-2,2.0,0.89,4,0.63
NpOsO3,Np,Os,O,1.42,-2,2,1.1,4,0.63
TbOsO3,Tb,Os,O,1.42,-2,3,1.095,4,0.63
ZrOsO3,Zr,Os,O,1.42,-2,4.0,0.89,4,0.63
InOsO3,In,Os,O,1.42,-2,3.0,0.92,4,0.63
BOsO3,B,Os,O,1.42,-2,3.0,0.27,4,0.63
ZnOsO3,Zn,Os,O,1.42,-2,2.0,0.9,4,0.63
CaOsO3,Ca,Os,O,1.42,-2,2.0,1.34,4,0.63
CdOsO3,Cd,Os,O,1.42,-2,2.0,1.31,4,0.63
CsPO3,Cs,P,O,1.42,-2,1.0,1.88,5,0.38
CsPS3,Cs,P,S,1.84,-2,1.0,1.88,5,0.38
KPO3,K,P,O,1.42,-2,1.0,1.64,5,0.38
KPS3,K,P,S,1.84,-2,1.0,1.64,5,0.38
KPSe3,K,P,Se,1.98,-2,1.0,1.64,5,0.38
LiPO3,Li,P,O,1.42,-2,1.0,0.92,5,0.38
RbPO3,Rb,P,O,1.42,-2,1.0,1.72,5,0.38
RbPS3,Rb,P,S,1.84,-2,1.0,1.72,5,0.38
RbPSe3,Rb,P,Se,1.98,-2,1.0,1.72,5,0.38
CoPS3,Co,P,S,1.84,-2,3,0.61,3,0.44
EuPS3,Eu,P,S,1.84,-2,3,1.12,3,0.44
EuPSe3,Eu,P,Se,1.98,-2,3,1.12,3,0.44
FePS3,Fe,P,S,1.84,-2,3,0.78,3,0.44
FePSe3,Fe,P,Se,1.98,-2,3,0.78,3,0.44
MnPO3,Mn,P,O,1.42,-2,3,0.645,3,0.44
MnPS3,Mn,P,S,1.84,-2,3,0.645,3,0.44
MnPSe3,Mn,P,Se,1.98,-2,3,0.645,3,0.44
NaPO3,Na,P,O,1.42,-2,1.0,1.39,5,0.38
NaPF3,Na,P,F,1.33,-1,1.0,1.39,3,0.44
NaPS3,Na,P,S,1.84,-2,1.0,1.39,5,0.38
SiPN3,Si,P,N,1.46,-3,4.0,0.4,5,0.38
SrPS3,Sr,P,S,1.84,-2,2.0,1.44,3,0.44
SrPSe3,Sr,P,Se,1.98,-2,2.0,1.44,3,0.44
VPS3,V,P,S,1.84,-2,3,0.64,3,0.44
BaPS3,Ba,P,S,1.84,-2,2.0,1.61,3,0.44
BaPSe3,Ba,P,Se,1.98,-2,2.0,1.61,3,0.44
MgPS3,Mg,P,S,1.84,-2,2.0,0.89,3,0.44
MgPSe3,Mg,P,Se,1.98,-2,2.0,0.89,3,0.44
TiPN3,Ti,P,N,1.46,-3,4,0.74,5,0.38
AgPO3,Ag,P,O,1.42,-2,1,1.28,5,0.38
AgPS3,Ag,P,S,1.84,-2,1,1.28,5,0.38
CuPO3,Cu,P,O,1.42,-2,1,0.77,5,0.38
CuPS3,Cu,P,S,1.84,-2,1,0.77,5,0.38
InPF3,In,P,F,1.33,-1,3.0,0.92,3,0.44
NiPS3,Ni,P,S,1.84,-2,3,0.56,3,0.44
NiPSe3,Ni,P,Se,1.98,-2,3,0.56,3,0.44
ZnPS3,Zn,P,S,1.84,-2,2.0,0.9,3,0.44
CaPS3,Ca,P,S,1.84,-2,2.0,1.34,3,0.44
CaPSe3,Ca,P,Se,1.98,-2,2.0,1.34,3,0.44
CdPS3,Cd,P,S,1.84,-2,2.0,1.31,3,0.44
CdPSe3,Cd,P,Se,1.98,-2,2.0,1.31,3,0.44
CrPSe3,Cr,P,Se,1.98,-2,3,0.615,3,0.44
SnPO3,Sn,P,O,1.42,-2,4.0,0.81,3,0.44
SnPS3,Sn,P,S,1.84,-2,4.0,0.81,3,0.44
SnPSe3,Sn,P,Se,1.98,-2,4.0,0.81,3,0.44
TlPO3,Tl,P,O,1.42,-2,1,1.7,5,0.38
TlPS3,Tl,P,S,1.84,-2,1,1.7,5,0.38
CsPaO3,Cs,Pa,O,1.42,-2,1.0,1.88,5,0.78
KPaO3,K,Pa,O,1.42,-2,1.0,1.64,5,0.78
LiPaO3,Li,Pa,O,1.42,-2,1.0,0.92,5,0.78
RbPaO3,Rb,Pa,O,1.42,-2,1.0,1.72,5,0.78
NaPaO3,Na,Pa,O,1.42,-2,1.0,1.39,5,0.78
BaPaO3,Ba,Pa,O,1.42,-2,2.0,1.61,4,0.9
DyPaO3,Dy,Pa,O,1.42,-2,3,1.083,3,1.04
CsPbO3,Cs,Pb,O,1.42,-2,1.0,1.88,4,0.775
CsPbF3,Cs,Pb,F,1.33,-1,1.0,1.88,2,1.19
CsPbBr3,Cs,Pb,Br,1.96,-1,1.0,1.88,2,1.19
CsPbCl3,Cs,Pb,Cl,1.81,-1,1.0,1.88,2,1.19
CsPbI3,Cs,Pb,I,2.2,-1,1.0,1.88,2,1.19
KPbO3,K,Pb,O,1.42,-2,1.0,1.64,4,0.775
KPbI3,K,Pb,I,2.2,-1,1.0,1.64,2,1.19
RbPbF3,Rb,Pb,F,1.33,-1,1.0,1.72,2,1.19
RbPbBr3,Rb,Pb,Br,1.96,-1,1.0,1.72,2,1.19
RbPbCl3,Rb,Pb,Cl,1.81,-1,1.0,1.72,2,1.19
RbPbI3,Rb,Pb,I,2.2,-1,1.0,1.72,2,1.19
AlPbO3,Al,Pb,O,1.42,-2,3.0,0.535,2,1.19
BePbO3,Be,Pb,O,1.42,-2,2.0,0.45,4,0.775
CoPbO3,Co,Pb,O,1.42,-2,2,0.9,4,0.775
EuPbO3,Eu,Pb,O,1.42,-2,2,1.35,4,0.775
FePbO3,Fe,Pb,O,1.42,-2,2,0.92,4,0.775
MnPbO3,Mn,Pb,O,1.42,-2,2,0.96,4,0.775
NaPbO3,Na,Pb,O,1.42,-2,1.0,1.39,4,0.775
SiPbO3,Si,Pb,O,1.42,-2,4.0,0.4,2,1.19
SrPbO3,Sr,Pb,O,1.42,-2,2.0,1.44,4,0.775
VPbO3,V,Pb,O,1.42,-2,2,0.79,4,0.775
BaPbO3,Ba,Pb,O,1.42,-2,2.0,1.61,4,0.775
CePbO3,Ce,Pb,O,1.42,-2,4,1.14,2,1.19
MgPbO3,Mg,Pb,O,1.42,-2,2.0,0.89,4,0.775
PrPbO3,Pr,Pb,O,1.42,-2,4,0.96,2,1.19
TiPbO3,Ti,Pb,O,1.42,-2,2,0.86,4,0.775
ZrPbO3,Zr,Pb,O,1.42,-2,4.0,0.89,2,1.19
ZrPbS3,Zr,Pb,S,1.84,-2,4.0,0.89,2,1.19
AgPbO3,Ag,Pb,O,1.42,-2,2,0.94,4,0.775
CuPbO3,Cu,Pb,O,1.42,-2,2,0.73,4,0.775
CuPbBr3,Cu,Pb,Br,1.96,-1,1,0.77,2,1.19
InPbCl3,In,Pb,Cl,1.81,-1,3.0,0.92,2,1.19
NiPbO3,Ni,Pb,O,1.42,-2,2,0.69,4,0.775
SbPbO3,Sb,Pb,O,1.42,-2,3,0.76,2,1.19
BPbO3,B,Pb,O,1.42,-2,3.0,0.27,2,1.19
ZnPbO3,Zn,Pb,O,1.42,-2,2.0,0.9,4,0.775
CaPbO3,Ca,Pb,O,1.42,-2,2.0,1.34,4,0.775
CdPbO3,Cd,Pb,O,1.42,-2,2.0,1.31,4,0.775
CrPbO3,Cr,Pb,O,1.42,-2,2,0.73,4,0.775
GePbO3,Ge,Pb,O,1.42,-2,2,0.73,4,0.775
GePbS3,Ge,Pb,S,1.84,-2,2,0.73,4,0.775
HfPbO3,Hf,Pb,O,1.42,-2,4.0,0.83,2,1.19
HfPbS3,Hf,Pb,S,1.84,-2,4.0,0.83,2,1.19
PuPbO3,Pu,Pb,O,1.42,-2,4,0.96,2,1.19
SnPbO3,Sn,Pb,O,1.42,-2,4.0,0.81,2,1.19
SnPbS3,Sn,Pb,S,1.84,-2,4.0,0.81,2,1.19
TlPbCl3,Tl,Pb,Cl,1.81,-1,1,1.7,2,1.19
TlPbI3,Tl,Pb,I,2.2,-1,1,1.7,2,1.19
MoPbO3,Mo,Pb,O,1.42,-2,4,0.65,2,1.19
OsPbO3,Os,Pb,O,1.42,-2,4,0.63,2,1.19
PPbO3,P,Pb,O,1.42,-2,3,0.44,2,1.19
PPbS3,P,Pb,S,1.84,-2,3,0.44,2,1.19
PPbSe3,P,Pb,Se,1.98,-2,3,0.44,2,1.19
RuPbO3,Ru,Pb,O,1.42,-2,4,0.62,2,1.19
TcPbO3,Tc,Pb,O,1.42,-2,4,0.645,2,1.19
CsPdO3,Cs,Pd,O,1.42,-2,1.0,1.88,4,0.615
CsPdF3,Cs,Pd,F,1.33,-1,1.0,1.88,2,0.86
CsPdBr3,Cs,Pd,Br,1.96,-1,1.0,1.88,2,0.86
CsPdCl3,Cs,Pd,Cl,1.81,-1,1.0,1.88,2,0.86
KPdO3,K,Pd,O,1.42,-2,1.0,1.64,4,0.615
KPdF3,K,Pd,F,1.33,-1,1.0,1.64,2,0.86
RbPdO3,Rb,Pd,O,1.42,-2,1.0,1.72,4,0.615
RbPdF3,Rb,Pd,F,1.33,-1,1.0,1.72,2,0.86
RbPdBr3,Rb,Pd,Br,1.96,-1,1.0,1.72,2,0.86
RbPdCl3,Rb,Pd,Cl,1.81,-1,1.0,1.72,2,0.86
AlPdO3,Al,Pd,O,1.42,-2,3.0,0.535,3,0.76
BePdO3,Be,Pd,O,1.42,-2,2.0,0.45,4,0.615
EuPdO3,Eu,Pd,O,1.42,-2,3,1.12,3,0.76
EuPdH3,Eu,Pd,H,2.08,-1,2,1.35,1,0.59
LaPdO3,La,Pd,O,1.42,-2,3.0,1.36,3,0.76
NaPdO3,Na,Pd,O,1.42,-2,1.0,1.39,4,0.615
NaPdF3,Na,Pd,F,1.33,-1,1.0,1.39,2,0.86
ScPdO3,Sc,Pd,O,1.42,-2,3.0,0.87,3,0.76
SiPdO3,Si,Pd,O,1.42,-2,4.0,0.4,2,0.86
SrPdO3,Sr,Pd,O,1.42,-2,2.0,1.44,4,0.615
SrPdH3,Sr,Pd,H,2.08,-1,2.0,1.44,1,0.59
AcPdO3,Ac,Pd,O,1.42,-2,3.0,1.12,3,0.76
BaPdO3,Ba,Pd,O,1.42,-2,2.0,1.61,4,0.615
LuPdO3,Lu,Pd,O,1.42,-2,3.0,1.032,3,0.76
UPdO3,U,Pd,O,1.42,-2,3,1.025,3,0.76
UPdSe3,U,Pd,Se,1.98,-2,3,1.025,3,0.76
YbPdO3,Yb,Pd,O,1.42,-2,3,1.042,3,0.76
YbPdH3,Yb,Pd,H,2.08,-1,2,1.14,1,0.59
AgPdO3,Ag,Pd,O,1.42,-2,3,0.75,3,0.76
CuPdO3,Cu,Pd,O,1.42,-2,3,0.54,3,0.76
NiPdO3,Ni,Pd,O,1.42,-2,3,0.56,3,0.76
SbPdO3,Sb,Pd,O,1.42,-2,3,0.76,3,0.76
BPdO3,B,Pd,O,1.42,-2,3.0,0.27,3,0.76
CaPdH3,Ca,Pd,H,2.08,-1,2.0,1.34,1,0.59
GePdO3,Ge,Pd,O,1.42,-2,2,0.73,4,0.615
GePdS3,Ge,Pd,S,1.84,-2,2,0.73,4,0.615
ThPdO3,Th,Pd,O,1.42,-2,4.0,1.21,2,0.86
TlPdF3,Tl,Pd,F,1.33,-1,1,1.7,2,0.86
CsPrO3,Cs,Pr,O,1.42,-2,1.0,1.88,4,0.85
LiPrO3,Li,Pr,O,1.42,-2,1.0,0.92,4,0.85
SrPrO3,Sr,Pr,O,1.42,-2,2.0,1.44,4,0.85
BaPrO3,Ba,Pr,O,1.42,-2,2.0,1.61,4,0.85
YbPrO3,Yb,Pr,O,1.42,-2,3,1.042,3,0.99
YbPrS3,Yb,Pr,S,1.84,-2,3,1.042,3,0.99
YbPrSe3,Yb,Pr,Se,1.98,-2,3,1.042,3,0.99
CaPrO3,Ca,Pr,O,1.42,-2,2.0,1.34,4,0.85
CsPuO3,Cs,Pu,O,1.42,-2,1.0,1.88,5,0.74
KPuO3,K,Pu,O,1.42,-2,1.0,1.64,5,0.74
RbPuO3,Rb,Pu,O,1.42,-2,1.0,1.72,5,0.74
NaPuO3,Na,Pu,O,1.42,-2,1.0,1.39,5,0.74
SmPuO3,Sm,Pu,O,1.42,-2,3,1.24,3,1
SrPuO3,Sr,Pu,O,1.42,-2,2.0,1.44,4,0.86
BaPuO3,Ba,Pu,O,1.42,-2,2.0,1.61,4,0.86
CePuO3,Ce,Pu,O,1.42,-2,3,1.34,3,1
YbPuO3,Yb,Pu,O,1.42,-2,3,1.042,3,1
CsRbO3,Cs,Rb,O,1.42,-2,1.0,1.88,1.0,1.72
KRbO3,K,Rb,O,1.42,-2,1.0,1.64,1.0,1.72
CsRuO3,Cs,Ru,O,1.42,-2,1.0,1.88,5,0.565
KRuO3,K,Ru,O,1.42,-2,1.0,1.64,5,0.565
LiRuO3,Li,Ru,O,1.42,-2,1.0,0.92,5,0.565
RbRuO3,Rb,Ru,O,1.42,-2,1.0,1.72,5,0.565
EuRuO3,Eu,Ru,O,1.42,-2,3,1.12,3,0.68
LaRuO3,La,Ru,O,1.42,-2,3.0,1.36,3,0.68
NaRuO3,Na,Ru,O,1.42,-2,1.0,1.39,5,0.565
SrRuO3,Sr,Ru,O,1.42,-2,2.0,1.44,4,0.62
BaRuO3,Ba,Ru,O,1.42,-2,2.0,1.61,4,0.62
MgRuO3,Mg,Ru,O,1.42,-2,2.0,0.89,4,0.62
NpRuO3,Np,Ru,O,1.42,-2,3,1.01,3,0.68
PrRuO3,Pr,Ru,O,1.42,-2,3,1.179,3,0.68
URuS3,U,Ru,S,1.84,-2,3,1.025,3,0.68
AgRuO3,Ag,Ru,O,1.42,-2,1,1.28,5,0.565
NiRuO3,Ni,Ru,O,1.42,-2,3,0.56,3,0.68
CaRuO3,Ca,Ru,O,1.42,-2,2.0,1.34,4,0.62
CdRuO3,Cd,Ru,O,1.42,-2,2.0,1.31,4,0.62
PmRuO3,Pm,Ru,O,1.42,-2,3.0,1.144,3,0.68
MoRuN3,Mo,Ru,N,1.46,-3,5,0.61,4,0.62
CsSO3,Cs,S,O,1.42,-2,1.0,1.88,6,0.29
KSO3,K,S,O,1.42,-2,1.0,1.64,6,0.29
RbSO3,Rb,S,O,1.42,-2,1.0,1.72,6,0.29
AlSBr3,Al,S,Br,1.96,-1,3.0,0.535,-2,1.84
FeSO3,Fe,S,O,1.42,-2,2,0.92,4,0.37
MnSO3,Mn,S,O,1.42,-2,2,0.96,4,0.37
BaSO3,Ba,S,O,1.42,-2,2.0,1.61,4,0.37
MgSO3,Mg,S,O,1.42,-2,2.0,0.89,4,0.37
PbSO3,Pb,S,O,1.42,-2,2,1.49,4,0.37
CdSO3,Cd,S,O,1.42,-2,2.0,1.31,4,0.37
CSH3,C,S,H,2.08,-1,4.0,0.16,4,0.37
CSN3,C,S,N,1.46,-3,4.0,0.16,6,0.29
CsSbO3,Cs,Sb,O,1.42,-2,1.0,1.88,5,0.6
KSbO3,K,Sb,O,1.42,-2,1.0,1.64,5,0.6
LiSbO3,Li,Sb,O,1.42,-2,1.0,0.92,5,0.6
RbSbO3,Rb,Sb,O,1.42,-2,1.0,1.72,5,0.6
AlSbO3,Al,Sb,O,1.42,-2,3.0,0.535,3,0.76
BeSbO3,Be,Sb,O,1.42,-2,2.0,0.45,3,0.76
CoSbO3,Co,Sb,O,1.42,-2,3,0.61,3,0.76
EuSbO3,Eu,Sb,O,1.42,-2,3,1.12,3,0.76
LaSbSe3,La,Sb,Se,1.98,-2,3.0,1.36,3,0.76
NaSbO3,Na,Sb,O,1.42,-2,1.0,1.39,5,0.6
SmSbO3,Sm,Sb,O,1.42,-2,3,1.24,3,0.76
SrSbO3,Sr,Sb,O,1.42,-2,2.0,1.44,3,0.76
SrSbSe3,Sr,Sb,Se,1.98,-2,2.0,1.44,3,0.76
YSbO3,Y,Sb,O,1.42,-2,3.0,1.075,3,0.76
CeSbO3,Ce,Sb,O,1.42,-2,3,1.34,3,0.76
DySbO3,Dy,Sb,O,1.42,-2,3,1.083,3,0.76
HoSbO3,Ho,Sb,O,1.42,-2,3.0,1.12,3,0.76
MgSbO3,Mg,Sb,O,1.42,-2,2.0,0.89,3,0.76
NdSbO3,Nd,Sb,O,1.42,-2,3,1.27,3,0.76
AgSbO3,Ag,Sb,O,1.42,-2,1,1.28,5,0.6
InSbO3,In,Sb,O,1.42,-2,3.0,0.92,3,0.76
InSbS3,In,Sb,S,1.84,-2,3.0,0.92,3,0.76
InSbSe3,In,Sb,Se,1.98,-2,3.0,0.92,3,0.76
NiSbO3,Ni,Sb,O,1.42,-2,3,0.56,3,0.76
BSbO3,B,Sb,O,1.42,-2,3.0,0.27,3,0.76
ZnSbO3,Zn,Sb,O,1.42,-2,2.0,0.9,3,0.76
BiSbO3,Bi,Sb,O,1.42,-2,3,1.17,3,0.76
BiSbS3,Bi,Sb,S,1.84,-2,3,1.17,3,0.76
BiSbSe3,Bi,Sb,Se,1.98,-2,3,1.17,3,0.76
CaSbO3,Ca,Sb,O,1.42,-2,2.0,1.34,3,0.76
CrSbS3,Cr,Sb,S,1.84,-2,3,0.615,3,0.76
CrSbSe3,Cr,Sb,Se,1.98,-2,3,0.615,3,0.76
PuSbO3,Pu,Sb,O,1.42,-2,3,1,3,0.76
TlSbO3,Tl,Sb,O,1.42,-2,1,1.7,5,0.6
ReSbO3,Re,Sb,O,1.42,-2,4,0.63,3,0.76
CsSmO3,Cs,Sm,O,1.42,-2,1.0,1.88,3,0.958
CsSmBr3,Cs,Sm,Br,1.96,-1,1.0,1.88,2,1.22
CsSmCl3,Cs,Sm,Cl,1.81,-1,1.0,1.88,2,1.22
CsSmI3,Cs,Sm,I,2.2,-1,1.0,1.88,2,1.22
LiSmO3,Li,Sm,O,1.42,-2,1.0,0.92,3,0.958
RbSmO3,Rb,Sm,O,1.42,-2,1.0,1.72,3,0.958
RbSmI3,Rb,Sm,I,2.2,-1,1.0,1.72,2,1.22
LaSmO3,La,Sm,O,1.42,-2,3.0,1.36,3,0.958
TbSmO3,Tb,Sm,O,1.42,-2,3,1.095,3,0.958
YbSmO3,Yb,Sm,O,1.42,-2,3,1.042,3,0.958
YbSmSe3,Yb,Sm,Se,1.98,-2,3,1.042,3,0.958
CsSnO3,Cs,Sn,O,1.42,-2,1.0,1.88,4.0,0.81
CsSnF3,Cs,Sn,F,1.33,-1,1.0,1.88,4.0,0.81
CsSnBr3,Cs,Sn,Br,1.96,-1,1.0,1.88,4.0,0.81
CsSnCl3,Cs,Sn,Cl,1.81,-1,1.0,1.88,4.0,0.81
CsSnS3,Cs,Sn,S,1.84,-2,1.0,1.88,4.0,0.81
CsSnSe3,Cs,Sn,Se,1.98,-2,1.0,1.88,4.0,0.81
CsSnI3,Cs,Sn,I,2.2,-1,1.0,1.88,4.0,0.81
KSnF3,K,Sn,F,1.33,-1,1.0,1.64,4.0,0.81
KSnBr3,K,Sn,Br,1.96,-1,1.0,1.64,4.0,0.81
KSnI3,K,Sn,I,2.2,-1,1.0,1.64,4.0,0.81
KSnN3,K,Sn,N,1.46,-3,1.0,1.64,4.0,0.81
LiSnCl3,Li,Sn,Cl,1.81,-1,1.0,0.92,4.0,0.81
RbSnO3,Rb,Sn,O,1.42,-2,1.0,1.72,4.0,0.81
RbSnF3,Rb,Sn,F,1.33,-1,1.0,1.72,4.0,0.81
RbSnBr3,Rb,Sn,Br,1.96,-1,1.0,1.72,4.0,0.81
RbSnCl3,Rb,Sn,Cl,1.81,-1,1.0,1.72,4.0,0.81
RbSnI3,Rb,Sn,I,2.2,-1,1.0,1.72,4.0,0.81
AlSnO3,Al,Sn,O,1.42,-2,3.0,0.535,4.0,0.81
CoSnO3,Co,Sn,O,1.42,-2,2,0.9,4.0,0.81
EuSnO3,Eu,Sn,O,1.42,-2,2,1.35,4.0,0.81
FeSnO3,Fe,Sn,O,1.42,-2,2,0.92,4.0,0.81
LaSnO3,La,Sn,O,1.42,-2,3.0,1.36,4.0,0.81
MnSnO3,Mn,Sn,O,1.42,-2,2,0.96,4.0,0.81
ScSnO3,Sc,Sn,O,1.42,-2,3.0,0.87,4.0,0.81
SiSnO3,Si,Sn,O,1.42,-2,4.0,0.4,4.0,0.81
SrSnO3,Sr,Sn,O,1.42,-2,2.0,1.44,4.0,0.81
SrSnS3,Sr,Sn,S,1.84,-2,2.0,1.44,4.0,0.81
TaSnO3,Ta,Sn,O,1.42,-2,3,0.72,4.0,0.81
VSnO3,V,Sn,O,1.42,-2,2,0.79,4.0,0.81
YSnO3,Y,Sn,O,1.42,-2,3.0,1.075,4.0,0.81
BaSnO3,Ba,Sn,O,1.42,-2,2.0,1.61,4.0,0.81
BaSnS3,Ba,Sn,S,1.84,-2,2.0,1.61,4.0,0.81
DySnO3,Dy,Sn,O,1.42,-2,2,1.19,4.0,0.81
HoSnO3,Ho,Sn,O,1.42,-2,3.0,1.12,4.0,0.81
MgSnO3,Mg,Sn,O,1.42,-2,2.0,0.89,4.0,0.81
NpSnO3,Np,Sn,O,1.42,-2,2,1.1,4.0,0.81
TiSnO3,Ti,Sn,O,1.42,-2,2,0.86,4.0,0.81
YbSnO3,Yb,Sn,O,1.42,-2,2,1.14,4.0,0.81
ZrSnS3,Zr,Sn,S,1.84,-2,4.0,0.89,4.0,0.81
AgSnO3,Ag,Sn,O,1.42,-2,2,0.94,4.0,0.81
InSnBr3,In,Sn,Br,1.96,-1,3.0,0.92,4.0,0.81
InSnCl3,In,Sn,Cl,1.81,-1,3.0,0.92,4.0,0.81
NiSnO3,Ni,Sn,O,1.42,-2,2,0.69,4.0,0.81
ZnSnO3,Zn,Sn,O,1.42,-2,2.0,0.9,4.0,0.81
ZnSnS3,Zn,Sn,S,1.84,-2,2.0,0.9,4.0,0.81
CaSnO3,Ca,Sn,O,1.42,-2,2.0,1.34,4.0,0.81
CaSnS3,Ca,Sn,S,1.84,-2,2.0,1.34,4.0,0.81
CdSnO3,Cd,Sn,O,1.42,-2,2.0,1.31,4.0,0.81
GaSnO3,Ga,Sn,O,1.42,-2,3.0,0.62,4.0,0.81
HfSnO3,Hf,Sn,O,1.42,-2,4.0,0.83,4.0,0.81
HfSnS3,Hf,Sn,S,1.84,-2,4.0,0.83,4.0,0.81
TlSnF3,Tl,Sn,F,1.33,-1,1,1.7,4.0,0.81
TlSnI3,Tl,Sn,I,2.2,-1,1,1.7,4.0,0.81
TcSnO3,Tc,Sn,O,1.42,-2,4,0.645,4.0,0.81
CsSrO3,Cs,Sr,O,1.42,-2,1.0,1.88,2.0,1.44
CsSrF3,Cs,Sr,F,1.33,-1,1.0,1.88,2.0,1.44
CsSrBr3,Cs,Sr,Br,1.96,-1,1.0,1.88,2.0,1.44
CsSrCl3,Cs,Sr,Cl,1.81,-1,1.0,1.88,2.0,1.44
CsSrI3,Cs,Sr,I,2.2,-1,1.0,1.88,2.0,1.44
KSrO3,K,Sr,O,1.42,-2,1.0,1.64,2.0,1.44
KSrI3,K,Sr,I,2.2,-1,1.0,1.64,2.0,1.44
RbSrO3,Rb,Sr,O,1.42,-2,1.0,1.72,2.0,1.44
RbSrCl3,Rb,Sr,Cl,1.81,-1,1.0,1.72,2.0,1.44
RbSrI3,Rb,Sr,I,2.2,-1,1.0,1.72,2.0,1.44
NaSrO3,Na,Sr,O,1.42,-2,1.0,1.39,2.0,1.44
CsTaO3,Cs,Ta,O,1.42,-2,1.0,1.88,5,0.64
CsTaS3,Cs,Ta,S,1.84,-2,1.0,1.88,5,0.64
CsTaSe3,Cs,Ta,Se,1.98,-2,1.0,1.88,5,0.64
KTaO3,K,Ta,O,1.42,-2,1.0,1.64,5,0.64
LiTaO3,Li,Ta,O,1.42,-2,1.0,0.92,5,0.64
RbTaO3,Rb,Ta,O,1.42,-2,1.0,1.72,5,0.64
LaTaO3,La,Ta,O,1.42,-2,3.0,1.36,3,0.72
LaTaN3,La,Ta,N,1.46,-3,3.0,1.36,5,0.64
NaTaO3,Na,Ta,O,1.42,-2,1.0,1.39,5,0.64
PaTaO3,Pa,Ta,O,1.42,-2,3,1.04,3,0.72
SrTaO3,Sr,Ta,O,1.42,-2,2.0,1.44,4,0.68
BaTaO3,Ba,Ta,O,1.42,-2,2.0,1.61,4,0.68
BaTaS3,Ba,Ta,S,1.84,-2,2.0,1.61,4,0.68
BaTaSe3,Ba,Ta,Se,1.98,-2,2.0,1.61,4,0.68
CeTaO3,Ce,Ta,O,1.42,-2,3,1.34,3,0.72
ErTaO3,Er,Ta,O,1.42,-2,3.0,1.062,3,0.72
NdTaO3,Nd,Ta,O,1.42,-2,3,1.27,3,0.72
NpTaO3,Np,Ta,O,1.42,-2,3,1.01,3,0.72
YbTaO3,Yb,Ta,O,1.42,-2,3,1.042,3,0.72
ThTaN3,Th,Ta,N,1.46,-3,4.0,1.21,5,0.64
CsTbO3,Cs,Tb,O,1.42,-2,1.0,1.88,4,0.76
KTbO3,K,Tb,O,1.42,-2,1.0,1.64,4,0.76
RbTbO3,Rb,Tb,O,1.42,-2,1.0,1.72,4,0.76
SrTbO3,Sr,Tb,O,1.42,-2,2.0,1.44,4,0.76
BaTbO3,Ba,Tb,O,1.42,-2,2.0,1.61,4,0.76
CsThO3,Cs,Th,O,1.42,-2,1.0,1.88,4.0,1.21
BaThO3,Ba,Th,O,1.42,-2,2.0,1.61,4.0,1.21
GdThO3,Gd,Th,O,1.42,-2,3.0,1.107,4.0,1.21
HfThO3,Hf,Th,O,1.42,-2,4.0,0.83,4.0,1.21
CsTiO3,Cs,Ti,O,1.42,-2,1.0,1.88,4,0.605
CsTiBr3,Cs,Ti,Br,1.96,-1,1.0,1.88,2,0.86
CsTiCl3,Cs,Ti,Cl,1.81,-1,1.0,1.88,2,0.86
CsTiI3,Cs,Ti,I,2.2,-1,1.0,1.88,2,0.86
KTiO3,K,Ti,O,1.42,-2,1.0,1.64,4,0.605
KTiBr3,K,Ti,Br,1.96,-1,1.0,1.64,2,0.86
KTiCl3,K,Ti,Cl,1.81,-1,1.0,1.64,2,0.86
KTiI3,K,Ti,I,2.2,-1,1.0,1.64,2,0.86
LiTiCl3,Li,Ti,Cl,1.81,-1,1.0,0.92,2,0.86
RbTiBr3,Rb,Ti,Br,1.96,-1,1.0,1.72,2,0.86
RbTiCl3,Rb,Ti,Cl,1.81,-1,1.0,1.72,2,0.86
RbTiI3,Rb,Ti,I,2.2,-1,1.0,1.72,2,0.86
EuTiO3,Eu,Ti,O,1.42,-2,3,1.12,3,0.67
LaTiO3,La,Ti,O,1.42,-2,3.0,1.36,3,0.67
LaTiS3,La,Ti,S,1.84,-2,3.0,1.36,3,0.67
NaTiO3,Na,Ti,O,1.42,-2,1.0,1.39,4,0.605
NaTiF3,Na,Ti,F,1.33,-1,1.0,1.39,2,0.86
ScTiO3,Sc,Ti,O,1.42,-2,3.0,0.87,3,0.67
SmTiO3,Sm,Ti,O,1.42,-2,3,1.24,3,0.67
SrTiO3,Sr,Ti,O,1.42,-2,2.0,1.44,4,0.605
SrTiS3,Sr,Ti,S,1.84,-2,2.0,1.44,4,0.605
YTiO3,Y,Ti,O,1.42,-2,3.0,1.075,3,0.67
AcTiO3,Ac,Ti,O,1.42,-2,3.0,1.12,3,0.67
BaTiO3,Ba,Ti,O,1.42,-2,2.0,1.61,4,0.605
BaTiS3,Ba,Ti,S,1.84,-2,2.0,1.61,4,0.605
BaTiSe3,Ba,Ti,Se,1.98,-2,2.0,1.61,4,0.605
CeTiO3,Ce,Ti,O,1.42,-2,3,1.34,3,0.67
DyTiO3,Dy,Ti,O,1.42,-2,3,1.083,3,0.67
ErTiO3,Er,Ti,O,1.42,-2,3.0,1.062,3,0.67
GdTiO3,Gd,Ti,O,1.42,-2,3.0,1.107,3,0.67
HoTiO3,Ho,Ti,O,1.42,-2,3.0,1.12,3,0.67
LuTiO3,Lu,Ti,O,1.42,-2,3.0,1.032,3,0.67
MgTiO3,Mg,Ti,O,1.42,-2,2.0,0.89,4,0.605
NdTiO3,Nd,Ti,O,1.42,-2,3,1.27,3,0.67
NpTiO3,Np,Ti,O,1.42,-2,3,1.01,3,0.67
PrTiO3,Pr,Ti,O,1.42,-2,3,1.179,3,0.67
TbTiO3,Tb,Ti,O,1.42,-2,3,1.095,3,0.67
TmTiO3,Tm,Ti,O,1.42,-2,3,1.052,3,0.67
UTiO3,U,Ti,O,1.42,-2,3,1.025,3,0.67
YbTiO3,Yb,Ti,O,1.42,-2,3,1.042,3,0.67
ZrTiO3,Zr,Ti,O,1.42,-2,4.0,0.89,2,0.86
CaTiO3,Ca,Ti,O,1.42,-2,2.0,1.34,4,0.605
PuTiO3,Pu,Ti,O,1.42,-2,3,1,3,0.67
PmTiO3,Pm,Ti,O,1.42,-2,3.0,1.144,3,0.67
CsTlO3,Cs,Tl,O,1.42,-2,1.0,1.88,3,0.885
CsTlF3,Cs,Tl,F,1.33,-1,1.0,1.88,1,1.5
CsTlBr3,Cs,Tl,Br,1.96,-1,1.0,1.88,1,1.5
CsTlCl3,Cs,Tl,Cl,1.81,-1,1.0,1.88,1,1.5
CsTlI3,Cs,Tl,I,2.2,-1,1.0,1.88,1,1.5
KTlO3,K,Tl,O,1.42,-2,1.0,1.64,3,0.885
KTlF3,K,Tl,F,1.33,-1,1.0,1.64,1,1.5
KTlBr3,K,Tl,Br,1.96,-1,1.0,1.64,1,1.5
KTlCl3,K,Tl,Cl,1.81,-1,1.0,1.64,1,1.5
KTlI3,K,Tl,I,2.2,-1,1.0,1.64,1,1.5
RbTlO3,Rb,Tl,O,1.42,-2,1.0,1.72,3,0.885
RbTlF3,Rb,Tl,F,1.33,-1,1.0,1.72,1,1.5
RbTlBr3,Rb,Tl,Br,1.96,-1,1.0,1.72,1,1.5
RbTlCl3,Rb,Tl,Cl,1.81,-1,1.0,1.72,1,1.5
RbTlI3,Rb,Tl,I,2.2,-1,1.0,1.72,1,1.5
AlTlO3,Al,Tl,O,1.42,-2,3.0,0.535,3,0.885
LaTlO3,La,Tl,O,1.42,-2,3.0,1.36,3,0.885
MnTlO3,Mn,Tl,O,1.42,-2,3,0.645,3,0.885
MnTlF3,Mn,Tl,F,1.33,-1,2,0.96,1,1.5
MnTlCl3,Mn,Tl,Cl,1.81,-1,2,0.96,1,1.5
MnTlI3,Mn,Tl,I,2.2,-1,2,0.96,1,1.5
NbTlO3,Nb,Tl,O,1.42,-2,3,0.72,3,0.885
PaTlO3,Pa,Tl,O,1.42,-2,3,1.04,3,0.885
ScTlO3,Sc,Tl,O,1.42,-2,3.0,0.87,3,0.885
SmTlO3,Sm,Tl,O,1.42,-2,3,1.24,3,0.885
SrTlO3,Sr,Tl,O,1.42,-2,2.0,1.44,3,0.885
TaTlO3,Ta,Tl,O,1.42,-2,3,0.72,3,0.885
TaTlS3,Ta,Tl,S,1.84,-2,3,0.72,3,0.885
TaTlSe3,Ta,Tl,Se,1.98,-2,3,0.72,3,0.885
BaTlO3,Ba,Tl,O,1.42,-2,2.0,1.61,3,0.885
ErTlO3,Er,Tl,O,1.42,-2,3.0,1.062,3,0.885
LuTlO3,Lu,Tl,O,1.42,-2,3.0,1.032,3,0.885
MgTlO3,Mg,Tl,O,1.42,-2,2.0,0.89,3,0.885
MgTlF3,Mg,Tl,F,1.33,-1,2.0,0.89,1,1.5
MgTlCl3,Mg,Tl,Cl,1.81,-1,2.0,0.89,1,1.5
PrTlO3,Pr,Tl,O,1.42,-2,3,1.179,3,0.885
TmTlO3,Tm,Tl,O,1.42,-2,3,1.052,3,0.885
UTlO3,U,Tl,O,1.42,-2,3,1.025,3,0.885
YbTlBr3,Yb,Tl,Br,1.96,-1,2,1.14,1,1.5
ZrTlO3,Zr,Tl,O,1.42,-2,4.0,0.89,1,1.5
CaTlF3,Ca,Tl,F,1.33,-1,2.0,1.34,1,1.5
CaTlBr3,Ca,Tl,Br,1.96,-1,2.0,1.34,1,1.5
CaTlCl3,Ca,Tl,Cl,1.81,-1,2.0,1.34,1,1.5
CaTlI3,Ca,Tl,I,2.2,-1,2.0,1.34,1,1.5
PuTlO3,Pu,Tl,O,1.42,-2,3,1,3,0.885
CsUO3,Cs,U,O,1.42,-2,1.0,1.88,5,0.76
CsUBr3,Cs,U,Br,1.96,-1,1.0,1.88,3,1.025
KUO3,K,U,O,1.42,-2,1.0,1.64,5,0.76
LiUO3,Li,U,O,1.42,-2,1.0,0.92,5,0.76
RbUO3,Rb,U,O,1.42,-2,1.0,1.72,5,0.76
EuUO3,Eu,U,O,1.42,-2,3,1.12,3,1.025
NaUO3,Na,U,O,1.42,-2,1.0,1.39,5,0.76
ScUS3,Sc,U,S,1.84,-2,3.0,0.87,3,1.025
BaUO3,Ba,U,O,1.42,-2,2.0,1.61,4,0.89
BaUS3,Ba,U,S,1.84,-2,2.0,1.61,4,0.89
LuUO3,Lu,U,O,1.42,-2,3.0,1.032,3,1.025
MgUO3,Mg,U,O,1.42,-2,2.0,0.89,4,0.89
CsVO3,Cs,V,O,1.42,-2,1.0,1.88,5,0.54
CsVBr3,Cs,V,Br,1.96,-1,1.0,1.88,2,0.79
CsVCl3,Cs,V,Cl,1.81,-1,1.0,1.88,2,0.79
CsVI3,Cs,V,I,2.2,-1,1.0,1.88,2,0.79
KVO3,K,V,O,1.42,-2,1.0,1.64,5,0.54
KVF3,K,V,F,1.33,-1,1.0,1.64,2,0.79
KVCl3,K,V,Cl,1.81,-1,1.0,1.64,2,0.79
LiVO3,Li,V,O,1.42,-2,1.0,0.92,5,0.54
LiVF3,Li,V,F,1.33,-1,1.0,0.92,2,0.79
LiVS3,Li,V,S,1.84,-2,1.0,0.92,5,0.54
RbVO3,Rb,V,O,1.42,-2,1.0,1.72,5,0.54
RbVF3,Rb,V,F,1.33,-1,1.0,1.72,2,0.79
RbVBr3,Rb,V,Br,1.96,-1,1.0,1.72,2,0.79
RbVCl3,Rb,V,Cl,1.81,-1,1.0,1.72,2,0.79
RbVI3,Rb,V,I,2.2,-1,1.0,1.72,2,0.79
AlVO3,Al,V,O,1.42,-2,3.0,0.535,3,0.64
BeVO3,Be,V,O,1.42,-2,2.0,0.45,4,0.58
EuVO3,Eu,V,O,1.42,-2,3,1.12,3,0.64
LaVO3,La,V,O,1.42,-2,3.0,1.36,3,0.64
LaVS3,La,V,S,1.84,-2,3.0,1.36,3,0.64
LaVN3,La,V,N,1.46,-3,3.0,1.36,5,0.54
MnVO3,Mn,V,O,1.42,-2,3,0.645,3,0.64
NaVO3,Na,V,O,1.42,-2,1.0,1.39,5,0.54
NaVF3,Na,V,F,1.33,-1,1.0,1.39,2,0.79
ScVO3,Sc,V,O,1.42,-2,3.0,0.87,3,0.64
SmVO3,Sm,V,O,1.42,-2,3,1.24,3,0.64
SrVO3,Sr,V,O,1.42,-2,2.0,1.44,4,0.58
YVO3,Y,V,O,1.42,-2,3.0,1.075,3,0.64
AcVO3,Ac,V,O,1.42,-2,3.0,1.12,3,0.64
BaVO3,Ba,V,O,1.42,-2,2.0,1.61,4,0.58
BaVS3,Ba,V,S,1.84,-2,2.0,1.61,4,0.58
BaVSe3,Ba,V,Se,1.98,-2,2.0,1.61,4,0.58
CeVO3,Ce,V,O,1.42,-2,3,1.34,3,0.64
DyVO3,Dy,V,O,1.42,-2,3,1.083,3,0.64
ErVO3,Er,V,O,1.42,-2,3.0,1.062,3,0.64
GdVO3,Gd,V,O,1.42,-2,3.0,1.107,3,0.64
HoVO3,Ho,V,O,1.42,-2,3.0,1.12,3,0.64
LuVO3,Lu,V,O,1.42,-2,3.0,1.032,3,0.64
MgVO3,Mg,V,O,1.42,-2,2.0,0.89,4,0.58
MgVS3,Mg,V,S,1.84,-2,2.0,0.89,4,0.58
NdVO3,Nd,V,O,1.42,-2,3,1.27,3,0.64
PrVO3,Pr,V,O,1.42,-2,3,1.179,3,0.64
TbVO3,Tb,V,O,1.42,-2,3,1.095,3,0.64
TiVO3,Ti,V,O,1.42,-2,3,0.67,3,0.64
TmVO3,Tm,V,O,1.42,-2,3,1.052,3,0.64
UVS3,U,V,S,1.84,-2,3,1.025,3,0.64
UVSe3,U,V,Se,1.98,-2,3,1.025,3,0.64
YbVO3,Yb,V,O,1.42,-2,3,1.042,3,0.64
CaVO3,Ca,V,O,1.42,-2,2.0,1.34,4,0.58
PuVO3,Pu,V,O,1.42,-2,3,1,3,0.64
TlVO3,Tl,V,O,1.42,-2,1,1.7,5,0.54
TlVCl3,Tl,V,Cl,1.81,-1,1,1.7,2,0.79
CsYbO3,Cs,Yb,O,1.42,-2,1.0,1.88,3,0.868
CsYbF3,Cs,Yb,F,1.33,-1,1.0,1.88,2,1.02
CsYbBr3,Cs,Yb,Br,1.96,-1,1.0,1.88,2,1.02
CsYbCl3,Cs,Yb,Cl,1.81,-1,1.0,1.88,2,1.02
CsYbH3,Cs,Yb,H,2.08,-1,1.0,1.88,2,1.02
CsYbI3,Cs,Yb,I,2.2,-1,1.0,1.88,2,1.02
KYbO3,K,Yb,O,1.42,-2,1.0,1.64,3,0.868
KYbBr3,K,Yb,Br,1.96,-1,1.0,1.64,2,1.02
KYbI3,K,Yb,I,2.2,-1,1.0,1.64,2,1.02
LiYbO3,Li,Yb,O,1.42,-2,1.0,0.92,3,0.868
RbYbO3,Rb,Yb,O,1.42,-2,1.0,1.72,3,0.868
RbYbF3,Rb,Yb,F,1.33,-1,1.0,1.72,2,1.02
RbYbBr3,Rb,Yb,Br,1.96,-1,1.0,1.72,2,1.02
RbYbI3,Rb,Yb,I,2.2,-1,1.0,1.72,2,1.02
LaYbO3,La,Yb,O,1.42,-2,3.0,1.36,3,0.868
LaYbS3,La,Yb,S,1.84,-2,3.0,1.36,3,0.868
LaYbSe3,La,Yb,Se,1.98,-2,3.0,1.36,3,0.868
NaYbO3,Na,Yb,O,1.42,-2,1.0,1.39,3,0.868
SrYbO3,Sr,Yb,O,1.42,-2,2.0,1.44,3,0.868
BaYbO3,Ba,Yb,O,1.42,-2,2.0,1.61,3,0.868
CsAgF3,Cs,Ag,F,1.33,-1,1.0,1.88,2,0.94
CsAgBr3,Cs,Ag,Br,1.96,-1,1.0,1.88,2,0.94
CsAgCl3,Cs,Ag,Cl,1.81,-1,1.0,1.88,2,0.94
KAgO3,K,Ag,O,1.42,-2,1.0,1.64,3,0.75
KAgF3,K,Ag,F,1.33,-1,1.0,1.64,2,0.94
KAgBr3,K,Ag,Br,1.96,-1,1.0,1.64,2,0.94
KAgCl3,K,Ag,Cl,1.81,-1,1.0,1.64,2,0.94
LiAgF3,Li,Ag,F,1.33,-1,1.0,0.92,2,0.94
RbAgO3,Rb,Ag,O,1.42,-2,1.0,1.72,3,0.75
RbAgF3,Rb,Ag,F,1.33,-1,1.0,1.72,2,0.94
RbAgBr3,Rb,Ag,Br,1.96,-1,1.0,1.72,2,0.94
RbAgCl3,Rb,Ag,Cl,1.81,-1,1.0,1.72,2,0.94
AlAgO3,Al,Ag,O,1.42,-2,3.0,0.535,3,0.75
BeAgO3,Be,Ag,O,1.42,-2,2.0,0.45,3,0.75
CoAgO3,Co,Ag,O,1.42,-2,3,0.61,3,0.75
CoAgF3,Co,Ag,F,1.33,-1,2,0.9,1,1.15
EuAgO3,Eu,Ag,O,1.42,-2,3,1.12,3,0.75
FeAgO3,Fe,Ag,O,1.42,-2,3,0.78,3,0.75
LaAgO3,La,Ag,O,1.42,-2,3.0,1.36,3,0.75
MnAgO3,Mn,Ag,O,1.42,-2,3,0.645,3,0.75
MnAgF3,Mn,Ag,F,1.33,-1,2,0.96,1,1.15
NaAgO3,Na,Ag,O,1.42,-2,1.0,1.39,3,0.75
NbAgO3,Nb,Ag,O,1.42,-2,3,0.72,3,0.75
PaAgO3,Pa,Ag,O,1.42,-2,3,1.04,3,0.75
ScAgO3,Sc,Ag,O,1.42,-2,3.0,0.87,3,0.75
SiAgO3,Si,Ag,O,1.42,-2,4.0,0.4,2,0.94
SmAgO3,Sm,Ag,O,1.42,-2,3,1.24,3,0.75
SrAgO3,Sr,Ag,O,1.42,-2,2.0,1.44,3,0.75
TaAgO3,Ta,Ag,O,1.42,-2,3,0.72,3,0.75
TaAgS3,Ta,Ag,S,1.84,-2,3,0.72,3,0.75
VAgO3,V,Ag,O,1.42,-2,3,0.64,3,0.75
YAgO3,Y,Ag,O,1.42,-2,3.0,1.075,3,0.75
MgAgF3,Mg,Ag,F,1.33,-1,2.0,0.89,1,1.15
CuAgF3,Cu,Ag,F,1.33,-1,1,0.77,2,0.94
NiAgF3,Ni,Ag,F,1.33,-1,2,0.69,1,1.15
ZnAgF3,Zn,Ag,F,1.33,-1,2.0,0.9,1,1.15
TlAgF3,Tl,Ag,F,1.33,-1,1,1.7,2,0.94
TlAgBr3,Tl,Ag,Br,1.96,-1,1,1.7,2,0.94
TlAgCl3,Tl,Ag,Cl,1.81,-1,1,1.7,2,0.94
CsBeF3,Cs,Be,F,1.33,-1,1.0,1.88,2.0,0.45
CsBeH3,Cs,Be,H,2.08,-1,1.0,1.88,2.0,0.45
KBeO3,K,Be,O,1.42,-2,1.0,1.64,2.0,0.45
KBeF3,K,Be,F,1.33,-1,1.0,1.64,2.0,0.45
KBeH3,K,Be,H,2.08,-1,1.0,1.64,2.0,0.45
LiBeO3,Li,Be,O,1.42,-2,1.0,0.92,2.0,0.45
LiBeH3,Li,Be,H,2.08,-1,1.0,0.92,2.0,0.45
RbBeO3,Rb,Be,O,1.42,-2,1.0,1.72,2.0,0.45
RbBeH3,Rb,Be,H,2.08,-1,1.0,1.72,2.0,0.45
RbBeN3,Rb,Be,N,1.46,-3,1.0,1.72,2.0,0.45
EuBeO3,Eu,Be,O,1.42,-2,3,1.12,2.0,0.45
LaBeO3,La,Be,O,1.42,-2,3.0,1.36,2.0,0.45
NaBeO3,Na,Be,O,1.42,-2,1.0,1.39,2.0,0.45
NaBeH3,Na,Be,H,2.08,-1,1.0,1.39,2.0,0.45
PaBeO3,Pa,Be,O,1.42,-2,4,1.01,2.0,0.45
SmBeO3,Sm,Be,O,1.42,-2,3,1.24,2.0,0.45
SrBeO3,Sr,Be,O,1.42,-2,2.0,1.44,2.0,0.45
TaBeO3,Ta,Be,O,1.42,-2,4,0.68,2.0,0.45
BaBeO3,Ba,Be,O,1.42,-2,2.0,1.61,2.0,0.45
CeBeO3,Ce,Be,O,1.42,-2,4,1.14,2.0,0.45
ErBeO3,Er,Be,O,1.42,-2,3.0,1.062,2.0,0.45
GdBeO3,Gd,Be,O,1.42,-2,3.0,1.107,2.0,0.45
HoBeO3,Ho,Be,O,1.42,-2,3.0,1.12,2.0,0.45
MgBeO3,Mg,Be,O,1.42,-2,2.0,0.89,2.0,0.45
NdBeO3,Nd,Be,O,1.42,-2,3,1.27,2.0,0.45
NpBeO3,Np,Be,O,1.42,-2,4,0.98,2.0,0.45
PrBeO3,Pr,Be,O,1.42,-2,4,0.96,2.0,0.45
TbBeO3,Tb,Be,O,1.42,-2,4,0.88,2.0,0.45
TiBeO3,Ti,Be,O,1.42,-2,4,0.74,2.0,0.45
TmBeO3,Tm,Be,O,1.42,-2,3,1.052,2.0,0.45
UBeO3,U,Be,O,1.42,-2,4,1.17,2.0,0.45
YbBeO3,Yb,Be,O,1.42,-2,3,1.042,2.0,0.45
ZrBeO3,Zr,Be,O,1.42,-2,4.0,0.89,2.0,0.45
CaBeO3,Ca,Be,O,1.42,-2,2.0,1.34,2.0,0.45
HfBeO3,Hf,Be,O,1.42,-2,4.0,0.83,2.0,0.45
ThBeO3,Th,Be,O,1.42,-2,4.0,1.21,2.0,0.45
PmBeO3,Pm,Be,O,1.42,-2,3.0,1.144,2.0,0.45
CsCoF3,Cs,Co,F,1.33,-1,1.0,1.88,2,0.65
CsCoCl3,Cs,Co,Cl,1.81,-1,1.0,1.88,2,0.65
KCoO3,K,Co,O,1.42,-2,1.0,1.64,4,0.53
KCoF3,K,Co,F,1.33,-1,1.0,1.64,2,0.65
KCoCl3,K,Co,Cl,1.81,-1,1.0,1.64,2,0.65
LiCoF3,Li,Co,F,1.33,-1,1.0,0.92,2,0.65
RbCoF3,Rb,Co,F,1.33,-1,1.0,1.72,2,0.65
RbCoBr3,Rb,Co,Br,1.96,-1,1.0,1.72,2,0.65
RbCoCl3,Rb,Co,Cl,1.81,-1,1.0,1.72,2,0.65
AlCoO3,Al,Co,O,1.42,-2,3.0,0.535,3,0.61
EuCoO3,Eu,Co,O,1.42,-2,3,1.12,3,0.61
LaCoO3,La,Co,O,1.42,-2,3.0,1.36,3,0.61
LaCoN3,La,Co,N,1.46,-3,3.0,1.36,4,0.53
MnCoO3,Mn,Co,O,1.42,-2,3,0.645,3,0.61
NaCoO3,Na,Co,O,1.42,-2,1.0,1.39,4,0.53
NaCoF3,Na,Co,F,1.33,-1,1.0,1.39,2,0.65
PaCoO3,Pa,Co,O,1.42,-2,3,1.04,3,0.61
ScCoO3,Sc,Co,O,1.42,-2,3.0,0.87,3,0.61
SmCoO3,Sm,Co,O,1.42,-2,3,1.24,3,0.61
SrCoO3,Sr,Co,O,1.42,-2,2.0,1.44,4,0.53
VCoO3,V,Co,O,1.42,-2,3,0.64,3,0.61
YCoO3,Y,Co,O,1.42,-2,3.0,1.075,3,0.61
BaCoO3,Ba,Co,O,1.42,-2,2.0,1.61,4,0.53
DyCoO3,Dy,Co,O,1.42,-2,3,1.083,3,0.61
ErCoO3,Er,Co,O,1.42,-2,3.0,1.062,3,0.61
GdCoO3,Gd,Co,O,1.42,-2,3.0,1.107,3,0.61
HoCoO3,Ho,Co,O,1.42,-2,3.0,1.12,3,0.61
LuCoO3,Lu,Co,O,1.42,-2,3.0,1.032,3,0.61
MgCoO3,Mg,Co,O,1.42,-2,2.0,0.89,4,0.53
NdCoO3,Nd,Co,O,1.42,-2,3,1.27,3,0.61
PrCoO3,Pr,Co,O,1.42,-2,3,1.179,3,0.61
TbCoO3,Tb,Co,O,1.42,-2,3,1.095,3,0.61
TiCoO3,Ti,Co,O,1.42,-2,3,0.67,3,0.61
TmCoO3,Tm,Co,O,1.42,-2,3,1.052,3,0.61
UCoS3,U,Co,S,1.84,-2,3,1.025,3,0.61
UCoSe3,U,Co,Se,1.98,-2,3,1.025,3,0.61
YbCoO3,Yb,Co,O,1.42,-2,3,1.042,3,0.61
ZrCoO3,Zr,Co,O,1.42,-2,4.0,0.89,2,0.65
ZrCoH3,Zr,Co,H,2.08,-1,4.0,0.89,2,0.65
InCoO3,In,Co,O,1.42,-2,3.0,0.92,3,0.61
ZnCoO3,Zn,Co,O,1.42,-2,2.0,0.9,4,0.53
CaCoO3,Ca,Co,O,1.42,-2,2.0,1.34,4,0.53
CdCoO3,Cd,Co,O,1.42,-2,2.0,1.31,4,0.53
CrCoBr3,Cr,Co,Br,1.96,-1,2,0.73,2,0.65
CrCoCl3,Cr,Co,Cl,1.81,-1,2,0.73,2,0.65
HfCoO3,Hf,Co,O,1.42,-2,4.0,0.83,2,0.65
TlCoO3,Tl,Co,O,1.42,-2,3,0.98,3,0.61
TlCoF3,Tl,Co,F,1.33,-1,1,1.7,2,0.65
TlCoCl3,Tl,Co,Cl,1.81,-1,1,1.7,2,0.65
CsFeF3,Cs,Fe,F,1.33,-1,1.0,1.88,2,0.61
CsFeBr3,Cs,Fe,Br,1.96,-1,1.0,1.88,2,0.61
CsFeCl3,Cs,Fe,Cl,1.81,-1,1.0,1.88,2,0.61
KFeO3,K,Fe,O,1.42,-2,1.0,1.64,4,0.585
KFeF3,K,Fe,F,1.33,-1,1.0,1.64,2,0.61
KFeBr3,K,Fe,Br,1.96,-1,1.0,1.64,2,0.61
KFeCl3,K,Fe,Cl,1.81,-1,1.0,1.64,2,0.61
KFeI3,K,Fe,I,2.2,-1,1.0,1.64,2,0.61
LiFeO3,Li,Fe,O,1.42,-2,1.0,0.92,4,0.585
LiFeF3,Li,Fe,F,1.33,-1,1.0,0.92,2,0.61
RbFeO3,Rb,Fe,O,1.42,-2,1.0,1.72,4,0.585
RbFeF3,Rb,Fe,F,1.33,-1,1.0,1.72,2,0.61
RbFeCl3,Rb,Fe,Cl,1.81,-1,1.0,1.72,2,0.61
AlFeO3,Al,Fe,O,1.42,-2,3.0,0.535,3,0.55
EuFeO3,Eu,Fe,O,1.42,-2,3,1.12,3,0.55
LaFeO3,La,Fe,O,1.42,-2,3.0,1.36,3,0.55
MnFeO3,Mn,Fe,O,1.42,-2,3,0.645,3,0.55
NaFeO3,Na,Fe,O,1.42,-2,1.0,1.39,4,0.585
NaFeF3,Na,Fe,F,1.33,-1,1.0,1.39,2,0.61
NbFeO3,Nb,Fe,O,1.42,-2,3,0.72,3,0.55
ScFeO3,Sc,Fe,O,1.42,-2,3.0,0.87,3,0.55
SmFeO3,Sm,Fe,O,1.42,-2,3,1.24,3,0.55
SrFeO3,Sr,Fe,O,1.42,-2,2.0,1.44,4,0.585
TaFeO3,Ta,Fe,O,1.42,-2,3,0.72,3,0.55
YFeO3,Y,Fe,O,1.42,-2,3.0,1.075,3,0.55
AcFeO3,Ac,Fe,O,1.42,-2,3.0,1.12,3,0.55
BaFeO3,Ba,Fe,O,1.42,-2,2.0,1.61,4,0.585
CeFeO3,Ce,Fe,O,1.42,-2,3,1.34,3,0.55
DyFeO3,Dy,Fe,O,1.42,-2,3,1.083,3,0.55
ErFeO3,Er,Fe,O,1.42,-2,3.0,1.062,3,0.55
GdFeO3,Gd,Fe,O,1.42,-2,3.0,1.107,3,0.55
HoFeO3,Ho,Fe,O,1.42,-2,3.0,1.12,3,0.55
LuFeO3,Lu,Fe,O,1.42,-2,3.0,1.032,3,0.55
MgFeO3,Mg,Fe,O,1.42,-2,2.0,0.89,4,0.585
NdFeO3,Nd,Fe,O,1.42,-2,3,1.27,3,0.55
PrFeO3,Pr,Fe,O,1.42,-2,3,1.179,3,0.55
TbFeO3,Tb,Fe,O,1.42,-2,3,1.095,3,0.55
TiFeO3,Ti,Fe,O,1.42,-2,3,0.67,3,0.55
TmFeO3,Tm,Fe,O,1.42,-2,3,1.052,3,0.55
UFeS3,U,Fe,S,1.84,-2,3,1.025,3,0.55
UFeSe3,U,Fe,Se,1.98,-2,3,1.025,3,0.55
YbFeO3,Yb,Fe,O,1.42,-2,3,1.042,3,0.55
InFeO3,In,Fe,O,1.42,-2,3.0,0.92,3,0.55
InFeBr3,In,Fe,Br,1.96,-1,3.0,0.92,2,0.61
ZnFeO3,Zn,Fe,O,1.42,-2,2.0,0.9,4,0.585
CaFeO3,Ca,Fe,O,1.42,-2,2.0,1.34,4,0.585
CdFeO3,Cd,Fe,O,1.42,-2,2.0,1.31,4,0.585
CrFeO3,Cr,Fe,O,1.42,-2,3,0.615,3,0.55
GaFeO3,Ga,Fe,O,1.42,-2,3.0,0.62,3,0.55
HfFeO3,Hf,Fe,O,1.42,-2,4.0,0.83,2,0.61
TlFeO3,Tl,Fe,O,1.42,-2,3,0.98,3,0.55
TlFeF3,Tl,Fe,F,1.33,-1,1,1.7,2,0.61
TlFeBr3,Tl,Fe,Br,1.96,-1,1,1.7,2,0.61
TlFeI3,Tl,Fe,I,2.2,-1,1,1.7,2,0.61
CsInF3,Cs,In,F,1.33,-1,1.0,1.88,3.0,0.92
CsInBr3,Cs,In,Br,1.96,-1,1.0,1.88,3.0,0.92
CsInCl3,Cs,In,Cl,1.81,-1,1.0,1.88,3.0,0.92
CsInI3,Cs,In,I,2.2,-1,1.0,1.88,3.0,0.92
KInO3,K,In,O,1.42,-2,1.0,1.64,3.0,0.92
KInF3,K,In,F,1.33,-1,1.0,1.64,3.0,0.92
KInBr3,K,In,Br,1.96,-1,1.0,1.64,3.0,0.92
KInCl3,K,In,Cl,1.81,-1,1.0,1.64,3.0,0.92
KInI3,K,In,I,2.2,-1,1.0,1.64,3.0,0.92
RbInO3,Rb,In,O,1.42,-2,1.0,1.72,3.0,0.92
RbInF3,Rb,In,F,1.33,-1,1.0,1.72,3.0,0.92
RbInBr3,Rb,In,Br,1.96,-1,1.0,1.72,3.0,0.92
RbInCl3,Rb,In,Cl,1.81,-1,1.0,1.72,3.0,0.92
RbInH3,Rb,In,H,2.08,-1,1.0,1.72,3.0,0.92
RbInI3,Rb,In,I,2.2,-1,1.0,1.72,3.0,0.92
AlInO3,Al,In,O,1.42,-2,3.0,0.535,3.0,0.92
AlInS3,Al,In,S,1.84,-2,3.0,0.535,3.0,0.92
AlInSe3,Al,In,Se,1.98,-2,3.0,0.535,3.0,0.92
BeInO3,Be,In,O,1.42,-2,2.0,0.45,3.0,0.92
EuInO3,Eu,In,O,1.42,-2,3,1.12,3.0,0.92
LaInO3,La,In,O,1.42,-2,3.0,1.36,3.0,0.92
MnInO3,Mn,In,O,1.42,-2,3,0.645,3.0,0.92
MnInF3,Mn,In,F,1.33,-1,2,0.96,3.0,0.92
MnInBr3,Mn,In,Br,1.96,-1,2,0.96,3.0,0.92
NaInO3,Na,In,O,1.42,-2,1.0,1.39,3.0,0.92
ScInO3,Sc,In,O,1.42,-2,3.0,0.87,3.0,0.92
SmInO3,Sm,In,O,1.42,-2,3,1.24,3.0,0.92
SrInO3,Sr,In,O,1.42,-2,2.0,1.44,3.0,0.92
TaInO3,Ta,In,O,1.42,-2,3,0.72,3.0,0.92
YInO3,Y,In,O,1.42,-2,3.0,1.075,3.0,0.92
BaInO3,Ba,In,O,1.42,-2,2.0,1.61,3.0,0.92
DyInO3,Dy,In,O,1.42,-2,3,1.083,3.0,0.92
ErInO3,Er,In,O,1.42,-2,3.0,1.062,3.0,0.92
GdInO3,Gd,In,O,1.42,-2,3.0,1.107,3.0,0.92
HoInO3,Ho,In,O,1.42,-2,3.0,1.12,3.0,0.92
MgInO3,Mg,In,O,1.42,-2,2.0,0.89,3.0,0.92
MgInBr3,Mg,In,Br,1.96,-1,2.0,0.89,3.0,0.92
MgInS3,Mg,In,S,1.84,-2,2.0,0.89,3.0,0.92
MgInSe3,Mg,In,Se,1.98,-2,2.0,0.89,3.0,0.92
NdInO3,Nd,In,O,1.42,-2,3,1.27,3.0,0.92
PrInO3,Pr,In,O,1.42,-2,3,1.179,3.0,0.92
TbInO3,Tb,In,O,1.42,-2,3,1.095,3.0,0.92
TmInO3,Tm,In,O,1.42,-2,3,1.052,3.0,0.92
YbInO3,Yb,In,O,1.42,-2,3,1.042,3.0,0.92
YbInBr3,Yb,In,Br,1.96,-1,2,1.14,3.0,0.92
CaInO3,Ca,In,O,1.42,-2,2.0,1.34,3.0,0.92
CaInBr3,Ca,In,Br,1.96,-1,2.0,1.34,3.0,0.92
CaInI3,Ca,In,I,2.2,-1,2.0,1.34,3.0,0.92
CdInBr3,Cd,In,Br,1.96,-1,2.0,1.31,3.0,0.92
CrInO3,Cr,In,O,1.42,-2,3,0.615,3.0,0.92
CrInBr3,Cr,In,Br,1.96,-1,2,0.73,3.0,0.92
PuInO3,Pu,In,O,1.42,-2,3,1,3.0,0.92
TlInCl3,Tl,In,Cl,1.81,-1,1,1.7,3.0,0.92
PmInO3,Pm,In,O,1.42,-2,3.0,1.144,3.0,0.92
CsMnF3,Cs,Mn,F,1.33,-1,1.0,1.88,2,0.67
CsMnBr3,Cs,Mn,Br,1.96,-1,1.0,1.88,2,0.67
CsMnCl3,Cs,Mn,Cl,1.81,-1,1.0,1.88,2,0.67
CsMnI3,Cs,Mn,I,2.2,-1,1.0,1.88,2,0.67
KMnO3,K,Mn,O,1.42,-2,1.0,1.64,5,0.33
KMnF3,K,Mn,F,1.33,-1,1.0,1.64,2,0.67
KMnBr3,K,Mn,Br,1.96,-1,1.0,1.64,2,0.67
KMnCl3,K,Mn,Cl,1.81,-1,1.0,1.64,2,0.67
LiMnO3,Li,Mn,O,1.42,-2,1.0,0.92,5,0.33
LiMnF3,Li,Mn,F,1.33,-1,1.0,0.92,2,0.67
RbMnO3,Rb,Mn,O,1.42,-2,1.0,1.72,5,0.33
RbMnF3,Rb,Mn,F,1.33,-1,1.0,1.72,2,0.67
RbMnBr3,Rb,Mn,Br,1.96,-1,1.0,1.72,2,0.67
RbMnCl3,Rb,Mn,Cl,1.81,-1,1.0,1.72,2,0.67
EuMnO3,Eu,Mn,O,1.42,-2,3,1.12,3,0.645
LaMnO3,La,Mn,O,1.42,-2,3.0,1.36,3,0.645
LaMnN3,La,Mn,N,1.46,-3,3.0,1.36,6,0.255
NaMnF3,Na,Mn,F,1.33,-1,1.0,1.39,2,0.67
NaMnCl3,Na,Mn,Cl,1.81,-1,1.0,1.39,2,0.67
ScMnO3,Sc,Mn,O,1.42,-2,3.0,0.87,3,0.645
SmMnO3,Sm,Mn,O,1.42,-2,3,1.24,3,0.645
SrMnO3,Sr,Mn,O,1.42,-2,2.0,1.44,4,0.53
YMnO3,Y,Mn,O,1.42,-2,3.0,1.075,3,0.645
AcMnO3,Ac,Mn,O,1.42,-2,3.0,1.12,3,0.645
BaMnO3,Ba,Mn,O,1.42,-2,2.0,1.61,4,0.53
CeMnO3,Ce,Mn,O,1.42,-2,3,1.34,3,0.645
DyMnO3,Dy,Mn,O,1.42,-2,3,1.083,3,0.645
ErMnO3,Er,Mn,O,1.42,-2,3.0,1.062,3,0.645
GdMnO3,Gd,Mn,O,1.42,-2,3.0,1.107,3,0.645
HoMnO3,Ho,Mn,O,1.42,-2,3.0,1.12,3,0.645
LuMnO3,Lu,Mn,O,1.42,-2,3.0,1.032,3,0.645
MgMnO3,Mg,Mn,O,1.42,-2,2.0,0.89,4,0.53
NdMnO3,Nd,Mn,O,1.42,-2,3,1.27,3,0.645
PrMnO3,Pr,Mn,O,1.42,-2,3,1.179,3,0.645
TbMnO3,Tb,Mn,O,1.42,-2,3,1.095,3,0.645
TiMnO3,Ti,Mn,O,1.42,-2,3,0.67,3,0.645
TmMnO3,Tm,Mn,O,1.42,-2,3,1.052,3,0.645
UMnSe3,U,Mn,Se,1.98,-2,3,1.025,3,0.645
YbMnO3,Yb,Mn,O,1.42,-2,3,1.042,3,0.645
ZrMnO3,Zr,Mn,O,1.42,-2,4.0,0.89,2,0.67
CaMnO3,Ca,Mn,O,1.42,-2,2.0,1.34,4,0.53
HfMnO3,Hf,Mn,O,1.42,-2,4.0,0.83,2,0.67
ThMnSe3,Th,Mn,Se,1.98,-2,4.0,1.21,2,0.67
CsNiF3,Cs,Ni,F,1.33,-1,1.0,1.88,2,0.69
CsNiBr3,Cs,Ni,Br,1.96,-1,1.0,1.88,2,0.69
CsNiCl3,Cs,Ni,Cl,1.81,-1,1.0,1.88,2,0.69
KNiF3,K,Ni,F,1.33,-1,1.0,1.64,2,0.69
KNiCl3,K,Ni,Cl,1.81,-1,1.0,1.64,2,0.69
LiNiO3,Li,Ni,O,1.42,-2,1.0,0.92,4,0.48
LiNiF3,Li,Ni,F,1.33,-1,1.0,0.92,2,0.69
RbNiO3,Rb,Ni,O,1.42,-2,1.0,1.72,4,0.48
RbNiF3,Rb,Ni,F,1.33,-1,1.0,1.72,2,0.69
RbNiBr3,Rb,Ni,Br,1.96,-1,1.0,1.72,2,0.69
RbNiCl3,Rb,Ni,Cl,1.81,-1,1.0,1.72,2,0.69
AlNiO3,Al,Ni,O,1.42,-2,3.0,0.535,3,0.56
CoNiO3,Co,Ni,O,1.42,-2,3,0.61,3,0.56
EuNiO3,Eu,Ni,O,1.42,-2,3,1.12,3,0.56
FeNiO3,Fe,Ni,O,1.42,-2,3,0.78,3,0.56
LaNiO3,La,Ni,O,1.42,-2,3.0,1.36,3,0.56
MnNiO3,Mn,Ni,O,1.42,-2,3,0.645,3,0.56
NaNiO3,Na,Ni,O,1.42,-2,1.0,1.39,4,0.48
NaNiF3,Na,Ni,F,1.33,-1,1.0,1.39,2,0.69
SmNiO3,Sm,Ni,O,1.42,-2,3,1.24,3,0.56
SrNiO3,Sr,Ni,O,1.42,-2,2.0,1.44,4,0.48
VNiO3,V,Ni,O,1.42,-2,3,0.64,3,0.56
YNiO3,Y,Ni,O,1.42,-2,3.0,1.075,3,0.56
AcNiO3,Ac,Ni,O,1.42,-2,3.0,1.12,3,0.56
BaNiO3,Ba,Ni,O,1.42,-2,2.0,1.61,4,0.48
BaNiCl3,Ba,Ni,Cl,1.81,-1,2.0,1.61,2,0.69
CeNiO3,Ce,Ni,O,1.42,-2,3,1.34,3,0.56
DyNiO3,Dy,Ni,O,1.42,-2,3,1.083,3,0.56
ErNiO3,Er,Ni,O,1.42,-2,3.0,1.062,3,0.56
GdNiO3,Gd,Ni,O,1.42,-2,3.0,1.107,3,0.56
HoNiO3,Ho,Ni,O,1.42,-2,3.0,1.12,3,0.56
LuNiO3,Lu,Ni,O,1.42,-2,3.0,1.032,3,0.56
MgNiH3,Mg,Ni,H,2.08,-1,2.0,0.89,2,0.69
NdNiO3,Nd,Ni,O,1.42,-2,3,1.27,3,0.56
PrNiO3,Pr,Ni,O,1.42,-2,3,1.179,3,0.56
TbNiO3,Tb,Ni,O,1.42,-2,3,1.095,3,0.56
TiNiO3,Ti,Ni,O,1.42,-2,3,0.67,3,0.56
TmNiO3,Tm,Ni,O,1.42,-2,3,1.052,3,0.56
UNiS3,U,Ni,S,1.84,-2,3,1.025,3,0.56
UNiSe3,U,Ni,Se,1.98,-2,3,1.025,3,0.56
YbNiO3,Yb,Ni,O,1.42,-2,3,1.042,3,0.56
YbNiH3,Yb,Ni,H,2.08,-1,2,1.14,2,0.69
ZrNiO3,Zr,Ni,O,1.42,-2,4.0,0.89,2,0.69
ZrNiH3,Zr,Ni,H,2.08,-1,4.0,0.89,2,0.69
ZnNiO3,Zn,Ni,O,1.42,-2,2.0,0.9,4,0.48
CaNiO3,Ca,Ni,O,1.42,-2,2.0,1.34,4,0.48
CaNiH3,Ca,Ni,H,2.08,-1,2.0,1.34,2,0.69
GaNiO3,Ga,Ni,O,1.42,-2,3.0,0.62,3,0.56
HfNiO3,Hf,Ni,O,1.42,-2,4.0,0.83,2,0.69
PuNiO3,Pu,Ni,O,1.42,-2,3,1,3,0.56
TlNiO3,Tl,Ni,O,1.42,-2,3,0.98,3,0.56
TlNiF3,Tl,Ni,F,1.33,-1,1,1.7,2,0.69
TlNiCl3,Tl,Ni,Cl,1.81,-1,1,1.7,2,0.69
CsCrBr3,Cs,Cr,Br,1.96,-1,1.0,1.88,2,0.73
CsCrCl3,Cs,Cr,Cl,1.81,-1,1.0,1.88,2,0.73
CsCrI3,Cs,Cr,I,2.2,-1,1.0,1.88,2,0.73
KCrO3,K,Cr,O,1.42,-2,1.0,1.64,5,0.49
KCrF3,K,Cr,F,1.33,-1,1.0,1.64,2,0.73
KCrCl3,K,Cr,Cl,1.81,-1,1.0,1.64,2,0.73
LiCrO3,Li,Cr,O,1.42,-2,1.0,0.92,5,0.49
RbCrO3,Rb,Cr,O,1.42,-2,1.0,1.72,5,0.49
RbCrCl3,Rb,Cr,Cl,1.81,-1,1.0,1.72,2,0.73
RbCrI3,Rb,Cr,I,2.2,-1,1.0,1.72,2,0.73
AlCrO3,Al,Cr,O,1.42,-2,3.0,0.535,3,0.615
EuCrO3,Eu,Cr,O,1.42,-2,3,1.12,3,0.615
LaCrO3,La,Cr,O,1.42,-2,3.0,1.36,3,0.615
LaCrS3,La,Cr,S,1.84,-2,3.0,1.36,3,0.615
LaCrSe3,La,Cr,Se,1.98,-2,3.0,1.36,3,0.615
LaCrN3,La,Cr,N,1.46,-3,3.0,1.36,6,0.44
NaCrO3,Na,Cr,O,1.42,-2,1.0,1.39,5,0.49
NbCrN3,Nb,Cr,N,1.46,-3,3,0.72,6,0.44
ScCrO3,Sc,Cr,O,1.42,-2,3.0,0.87,3,0.615
SmCrO3,Sm,Cr,O,1.42,-2,3,1.24,3,0.615
SmCrS3,Sm,Cr,S,1.84,-2,3,1.24,3,0.615
SrCrO3,Sr,Cr,O,1.42,-2,2.0,1.44,4,0.55
VCrO3,V,Cr,O,1.42,-2,3,0.64,3,0.615
YCrO3,Y,Cr,O,1.42,-2,3.0,1.075,3,0.615
AcCrO3,Ac,Cr,O,1.42,-2,3.0,1.12,3,0.615
BaCrO3,Ba,Cr,O,1.42,-2,2.0,1.61,4,0.55
CeCrO3,Ce,Cr,O,1.42,-2,3,1.34,3,0.615
CeCrS3,Ce,Cr,S,1.84,-2,3,1.34,3,0.615
CeCrSe3,Ce,Cr,Se,1.98,-2,3,1.34,3,0.615
DyCrO3,Dy,Cr,O,1.42,-2,3,1.083,3,0.615
DyCrS3,Dy,Cr,S,1.84,-2,3,1.083,3,0.615
DyCrSe3,Dy,Cr,Se,1.98,-2,3,1.083,3,0.615
ErCrO3,Er,Cr,O,1.42,-2,3.0,1.062,3,0.615
GdCrO3,Gd,Cr,O,1.42,-2,3.0,1.107,3,0.615
HoCrO3,Ho,Cr,O,1.42,-2,3.0,1.12,3,0.615
LuCrO3,Lu,Cr,O,1.42,-2,3.0,1.032,3,0.615
MgCrO3,Mg,Cr,O,1.42,-2,2.0,0.89,4,0.55
NdCrO3,Nd,Cr,O,1.42,-2,3,1.27,3,0.615
NdCrS3,Nd,Cr,S,1.84,-2,3,1.27,3,0.615
NdCrSe3,Nd,Cr,Se,1.98,-2,3,1.27,3,0.615
PrCrO3,Pr,Cr,O,1.42,-2,3,1.179,3,0.615
PrCrSe3,Pr,Cr,Se,1.98,-2,3,1.179,3,0.615
TbCrO3,Tb,Cr,O,1.42,-2,3,1.095,3,0.615
TbCrSe3,Tb,Cr,Se,1.98,-2,3,1.095,3,0.615
TiCrO3,Ti,Cr,O,1.42,-2,3,0.67,3,0.615
TmCrO3,Tm,Cr,O,1.42,-2,3,1.052,3,0.615
UCrS3,U,Cr,S,1.84,-2,3,1.025,3,0.615
UCrSe3,U,Cr,Se,1.98,-2,3,1.025,3,0.615
YbCrO3,Yb,Cr,O,1.42,-2,3,1.042,3,0.615
ZrCrO3,Zr,Cr,O,1.42,-2,4.0,0.89,2,0.73
ZnCrO3,Zn,Cr,O,1.42,-2,2.0,0.9,4,0.55
CaCrO3,Ca,Cr,O,1.42,-2,2.0,1.34,4,0.55
HfCrO3,Hf,Cr,O,1.42,-2,4.0,0.83,2,0.73
PuCrO3,Pu,Cr,O,1.42,-2,3,1,3,0.615
ThCrS3,Th,Cr,S,1.84,-2,4.0,1.21,2,0.73
ThCrSe3,Th,Cr,Se,1.98,-2,4.0,1.21,2,0.73
TlCrO3,Tl,Cr,O,1.42,-2,1,1.7,5,0.49
CsCuBr3,Cs,Cu,Br,1.96,-1,1.0,1.88,2,0.73
CsCuCl3,Cs,Cu,Cl,1.81,-1,1.0,1.88,2,0.73
KCuF3,K,Cu,F,1.33,-1,1.0,1.64,2,0.73
KCuCl3,K,Cu,Cl,1.81,-1,1.0,1.64,2,0.73
KCuS3,K,Cu,S,1.84,-2,1.0,1.64,3,0.54
KCuH3,K,Cu,H,2.08,-1,1.0,1.64,2,0.73
LiCuF3,Li,Cu,F,1.33,-1,1.0,0.92,2,0.73
RbCuO3,Rb,Cu,O,1.42,-2,1.0,1.72,3,0.54
RbCuF3,Rb,Cu,F,1.33,-1,1.0,1.72,2,0.73
RbCuBr3,Rb,Cu,Br,1.96,-1,1.0,1.72,2,0.73
RbCuCl3,Rb,Cu,Cl,1.81,-1,1.0,1.72,2,0.73
RbCuS3,Rb,Cu,S,1.84,-2,1.0,1.72,3,0.54
AlCuO3,Al,Cu,O,1.42,-2,3.0,0.535,3,0.54
BeCuO3,Be,Cu,O,1.42,-2,2.0,0.45,3,0.54
EuCuO3,Eu,Cu,O,1.42,-2,3,1.12,3,0.54
LaCuO3,La,Cu,O,1.42,-2,3.0,1.36,3,0.54
MnCuO3,Mn,Cu,O,1.42,-2,3,0.645,3,0.54
NaCuF3,Na,Cu,F,1.33,-1,1.0,1.39,2,0.73
NbCuO3,Nb,Cu,O,1.42,-2,3,0.72,3,0.54
ScCuO3,Sc,Cu,O,1.42,-2,3.0,0.87,3,0.54
SmCuO3,Sm,Cu,O,1.42,-2,3,1.24,3,0.54
SrCuO3,Sr,Cu,O,1.42,-2,2.0,1.44,3,0.54
TaCuO3,Ta,Cu,O,1.42,-2,3,0.72,3,0.54
TaCuS3,Ta,Cu,S,1.84,-2,3,0.72,3,0.54
VCuO3,V,Cu,O,1.42,-2,3,0.64,3,0.54
YCuO3,Y,Cu,O,1.42,-2,3.0,1.075,3,0.54
AcCuO3,Ac,Cu,O,1.42,-2,3.0,1.12,3,0.54
BaCuO3,Ba,Cu,O,1.42,-2,2.0,1.61,3,0.54
CeCuO3,Ce,Cu,O,1.42,-2,3,1.34,3,0.54
DyCuO3,Dy,Cu,O,1.42,-2,3,1.083,3,0.54
ErCuO3,Er,Cu,O,1.42,-2,3.0,1.062,3,0.54
GdCuO3,Gd,Cu,O,1.42,-2,3.0,1.107,3,0.54
HoCuO3,Ho,Cu,O,1.42,-2,3.0,1.12,3,0.54
MgCuO3,Mg,Cu,O,1.42,-2,2.0,0.89,3,0.54
NdCuO3,Nd,Cu,O,1.42,-2,3,1.27,3,0.54
PrCuO3,Pr,Cu,O,1.42,-2,3,1.179,3,0.54
TbCuO3,Tb,Cu,O,1.42,-2,3,1.095,3,0.54
TiCuO3,Ti,Cu,O,1.42,-2,3,0.67,3,0.54
YbCuO3,Yb,Cu,O,1.42,-2,3,1.042,3,0.54
ZrCuF3,Zr,Cu,F,1.33,-1,4.0,0.89,1,0.77
InCuO3,In,Cu,O,1.42,-2,3.0,0.92,3,0.54
ZnCuO3,Zn,Cu,O,1.42,-2,2.0,0.9,3,0.54
CaCuO3,Ca,Cu,O,1.42,-2,2.0,1.34,3,0.54
CrCuO3,Cr,Cu,O,1.42,-2,3,0.615,3,0.54
GaCuBr3,Ga,Cu,Br,1.96,-1,3.0,0.62,1,0.77
PuCuO3,Pu,Cu,O,1.42,-2,3,1,3,0.54
ThCuO3,Th,Cu,O,1.42,-2,4.0,1.21,2,0.73
TlCuO3,Tl,Cu,O,1.42,-2,3,0.98,3,0.54
TlCuF3,Tl,Cu,F,1.33,-1,1,1.7,2,0.73
TlCuCl3,Tl,Cu,Cl,1.81,-1,1,1.7,2,0.73
CsDyBr3,Cs,Dy,Br,1.96,-1,1.0,1.88,2,1.07
CsDyI3,Cs,Dy,I,2.2,-1,1.0,1.88,2,1.07
KDyO3,K,Dy,O,1.42,-2,1.0,1.64,3,0.912
KDyBr3,K,Dy,Br,1.96,-1,1.0,1.64,2,1.07
KDyI3,K,Dy,I,2.2,-1,1.0,1.64,2,1.07
LiDyO3,Li,Dy,O,1.42,-2,1.0,0.92,3,0.912
RbDyO3,Rb,Dy,O,1.42,-2,1.0,1.72,3,0.912
RbDyBr3,Rb,Dy,Br,1.96,-1,1.0,1.72,2,1.07
RbDyI3,Rb,Dy,I,2.2,-1,1.0,1.72,2,1.07
LaDyO3,La,Dy,O,1.42,-2,3.0,1.36,3,0.912
SmDyO3,Sm,Dy,O,1.42,-2,3,1.24,3,0.912
SrDyO3,Sr,Dy,O,1.42,-2,2.0,1.44,3,0.912
BaDyO3,Ba,Dy,O,1.42,-2,2.0,1.61,3,0.912
CeDyS3,Ce,Dy,S,1.84,-2,3,1.34,3,0.912
YbDyS3,Yb,Dy,S,1.84,-2,3,1.042,3,0.912
CsPtBr3,Cs,Pt,Br,1.96,-1,1.0,1.88,2,0.8
KPtO3,K,Pt,O,1.42,-2,1.0,1.64,5,0.57
RbPtO3,Rb,Pt,O,1.42,-2,1.0,1.72,5,0.57
BePtO3,Be,Pt,O,1.42,-2,2.0,0.45,4,0.625
EuPtO3,Eu,Pt,O,1.42,-2,2,1.35,4,0.625
LaPtO3,La,Pt,O,1.42,-2,3.0,1.36,2,0.8
SrPtO3,Sr,Pt,O,1.42,-2,2.0,1.44,4,0.625
VPtO3,V,Pt,O,1.42,-2,2,0.79,4,0.625
BaPtO3,Ba,Pt,O,1.42,-2,2.0,1.61,4,0.625
YbPtO3,Yb,Pt,O,1.42,-2,2,1.14,4,0.625
InPtO3,In,Pt,O,1.42,-2,3.0,0.92,2,0.8
NiPtO3,Ni,Pt,O,1.42,-2,2,0.69,4,0.625
BPtO3,B,Pt,O,1.42,-2,3.0,0.27,2,0.8
BiPtO3,Bi,Pt,O,1.42,-2,3,1.17,2,0.8
CaPtO3,Ca,Pt,O,1.42,-2,2.0,1.34,4,0.625
PuPtO3,Pu,Pt,O,1.42,-2,4,0.96,2,0.8
CsScBr3,Cs,Sc,Br,1.96,-1,1.0,1.88,3.0,0.87
CsScCl3,Cs,Sc,Cl,1.81,-1,1.0,1.88,3.0,0.87
CsScI3,Cs,Sc,I,2.2,-1,1.0,1.88,3.0,0.87
KScO3,K,Sc,O,1.42,-2,1.0,1.64,3.0,0.87
LiScI3,Li,Sc,I,2.2,-1,1.0,0.92,3.0,0.87
RbScBr3,Rb,Sc,Br,1.96,-1,1.0,1.72,3.0,0.87
RbScCl3,Rb,Sc,Cl,1.81,-1,1.0,1.72,3.0,0.87
EuScO3,Eu,Sc,O,1.42,-2,3,1.12,3.0,0.87
LaScO3,La,Sc,O,1.42,-2,3.0,1.36,3.0,0.87
LaScS3,La,Sc,S,1.84,-2,3.0,1.36,3.0,0.87
SmScO3,Sm,Sc,O,1.42,-2,3,1.24,3.0,0.87
SmScS3,Sm,Sc,S,1.84,-2,3,1.24,3.0,0.87
SrScO3,Sr,Sc,O,1.42,-2,2.0,1.44,3.0,0.87
YScO3,Y,Sc,O,1.42,-2,3.0,1.075,3.0,0.87
YScS3,Y,Sc,S,1.84,-2,3.0,1.075,3.0,0.87
AcScO3,Ac,Sc,O,1.42,-2,3.0,1.12,3.0,0.87
BaScO3,Ba,Sc,O,1.42,-2,2.0,1.61,3.0,0.87
CeScO3,Ce,Sc,O,1.42,-2,3,1.34,3.0,0.87
CeScS3,Ce,Sc,S,1.84,-2,3,1.34,3.0,0.87
DyScO3,Dy,Sc,O,1.42,-2,3,1.083,3.0,0.87
DyScS3,Dy,Sc,S,1.84,-2,3,1.083,3.0,0.87
ErScO3,Er,Sc,O,1.42,-2,3.0,1.062,3.0,0.87
GdScO3,Gd,Sc,O,1.42,-2,3.0,1.107,3.0,0.87
GdScS3,Gd,Sc,S,1.84,-2,3.0,1.107,3.0,0.87
HoScO3,Ho,Sc,O,1.42,-2,3.0,1.12,3.0,0.87
LuScO3,Lu,Sc,O,1.42,-2,3.0,1.032,3.0,0.87
MgScS3,Mg,Sc,S,1.84,-2,2.0,0.89,3.0,0.87
MgScSe3,Mg,Sc,Se,1.98,-2,2.0,0.89,3.0,0.87
NdScO3,Nd,Sc,O,1.42,-2,3,1.27,3.0,0.87
NdScS3,Nd,Sc,S,1.84,-2,3,1.27,3.0,0.87
PrScO3,Pr,Sc,O,1.42,-2,3,1.179,3.0,0.87
PrScS3,Pr,Sc,S,1.84,-2,3,1.179,3.0,0.87
TbScO3,Tb,Sc,O,1.42,-2,3,1.095,3.0,0.87
TbScS3,Tb,Sc,S,1.84,-2,3,1.095,3.0,0.87
TmScO3,Tm,Sc,O,1.42,-2,3,1.052,3.0,0.87
YbScO3,Yb,Sc,O,1.42,-2,3,1.042,3.0,0.87
CaScO3,Ca,Sc,O,1.42,-2,2.0,1.34,3.0,0.87
CsSeBr3,Cs,Se,Br,1.96,-1,1.0,1.88,4,0.5
LiSeO3,Li,Se,O,1.42,-2,1.0,0.92,6,0.42
RbSeO3,Rb,Se,O,1.42,-2,1.0,1.72,6,0.42
RbSeBr3,Rb,Se,Br,1.96,-1,1.0,1.72,4,0.5
CoSeO3,Co,Se,O,1.42,-2,2,0.9,4,0.5
EuSeO3,Eu,Se,O,1.42,-2,2,1.35,4,0.5
MnSeO3,Mn,Se,O,1.42,-2,2,0.96,4,0.5
NaSeO3,Na,Se,O,1.42,-2,1.0,1.39,6,0.42
NbSeBr3,Nb,Se,Br,1.96,-1,5,0.74,-2,1.98
NbSeCl3,Nb,Se,Cl,1.81,-1,5,0.74,-2,1.98
NbSeI3,Nb,Se,I,2.2,-1,5,0.74,-2,1.98
SrSeO3,Sr,Se,O,1.42,-2,2.0,1.44,4,0.5
YSeO3,Y,Se,O,1.42,-2,3.0,1.075,4,0.5
BaSeO3,Ba,Se,O,1.42,-2,2.0,1.61,4,0.5
DySeO3,Dy,Se,O,1.42,-2,2,1.19,4,0.5
LuSeO3,Lu,Se,O,1.42,-2,3.0,1.032,4,0.5
MgSeO3,Mg,Se,O,1.42,-2,2.0,0.89,4,0.5
TmSeO3,Tm,Se,O,1.42,-2,2,1.09,4,0.5
CuSeO3,Cu,Se,O,1.42,-2,2,0.73,4,0.5
NiSeO3,Ni,Se,O,1.42,-2,2,0.69,4,0.5
PbSeO3,Pb,Se,O,1.42,-2,2,1.49,4,0.5
ZnSeO3,Zn,Se,O,1.42,-2,2.0,0.9,4,0.5
CaSeO3,Ca,Se,O,1.42,-2,2.0,1.34,4,0.5
CdSeO3,Cd,Se,O,1.42,-2,2.0,1.31,4,0.5
PdSeO3,Pd,Se,O,1.42,-2,2,0.86,4,0.5
CSeH3,C,Se,H,2.08,-1,4.0,0.16,4,0.5
CsTmBr3,Cs,Tm,Br,1.96,-1,1.0,1.88,2,1.03
CsTmCl3,Cs,Tm,Cl,1.81,-1,1.0,1.88,2,1.03
CsTmH3,Cs,Tm,H,2.08,-1,1.0,1.88,2,1.03
CsTmI3,Cs,Tm,I,2.2,-1,1.0,1.88,2,1.03
KTmO3,K,Tm,O,1.42,-2,1.0,1.64,3,0.88
KTmBr3,K,Tm,Br,1.96,-1,1.0,1.64,2,1.03
KTmI3,K,Tm,I,2.2,-1,1.0,1.64,2,1.03
LiTmO3,Li,Tm,O,1.42,-2,1.0,0.92,3,0.88
RbTmO3,Rb,Tm,O,1.42,-2,1.0,1.72,3,0.88
RbTmBr3,Rb,Tm,Br,1.96,-1,1.0,1.72,2,1.03
RbTmI3,Rb,Tm,I,2.2,-1,1.0,1.72,2,1.03
EuTmO3,Eu,Tm,O,1.42,-2,3,1.12,3,0.88
LaTmO3,La,Tm,O,1.42,-2,3.0,1.36,3,0.88
LaTmS3,La,Tm,S,1.84,-2,3.0,1.36,3,0.88
SmTmO3,Sm,Tm,O,1.42,-2,3,1.24,3,0.88
SrTmO3,Sr,Tm,O,1.42,-2,2.0,1.44,3,0.88
YTmO3,Y,Tm,O,1.42,-2,3.0,1.075,3,0.88
BaTmO3,Ba,Tm,O,1.42,-2,2.0,1.61,3,0.88
CeTmO3,Ce,Tm,O,1.42,-2,3,1.34,3,0.88
CeTmS3,Ce,Tm,S,1.84,-2,3,1.34,3,0.88
DyTmO3,Dy,Tm,O,1.42,-2,3,1.083,3,0.88
GdTmO3,Gd,Tm,O,1.42,-2,3.0,1.107,3,0.88
HoTmO3,Ho,Tm,O,1.42,-2,3.0,1.12,3,0.88
NdTmS3,Nd,Tm,S,1.84,-2,3,1.27,3,0.88
PrTmS3,Pr,Tm,S,1.84,-2,3,1.179,3,0.88
TbTmO3,Tb,Tm,O,1.42,-2,3,1.095,3,0.88
YbTmO3,Yb,Tm,O,1.42,-2,3,1.042,3,0.88
CaTmO3,Ca,Tm,O,1.42,-2,2.0,1.34,3,0.88
CsGaS3,Cs,Ga,S,1.84,-2,1.0,1.88,3.0,0.62
CsGaSe3,Cs,Ga,Se,1.98,-2,1.0,1.88,3.0,0.62
LiGaBr3,Li,Ga,Br,1.96,-1,1.0,0.92,3.0,0.62
LiGaCl3,Li,Ga,Cl,1.81,-1,1.0,0.92,3.0,0.62
LiGaI3,Li,Ga,I,2.2,-1,1.0,0.92,3.0,0.62
AlGaO3,Al,Ga,O,1.42,-2,3.0,0.535,3.0,0.62
BeGaO3,Be,Ga,O,1.42,-2,2.0,0.45,3.0,0.62
EuGaO3,Eu,Ga,O,1.42,-2,3,1.12,3.0,0.62
LaGaO3,La,Ga,O,1.42,-2,3.0,1.36,3.0,0.62
LaGaS3,La,Ga,S,1.84,-2,3.0,1.36,3.0,0.62
MnGaO3,Mn,Ga,O,1.42,-2,3,0.645,3.0,0.62
ScGaO3,Sc,Ga,O,1.42,-2,3.0,0.87,3.0,0.62
SmGaO3,Sm,Ga,O,1.42,-2,3,1.24,3.0,0.62
VGaO3,V,Ga,O,1.42,-2,3,0.64,3.0,0.62
YGaO3,Y,Ga,O,1.42,-2,3.0,1.075,3.0,0.62
AcGaO3,Ac,Ga,O,1.42,-2,3.0,1.12,3.0,0.62
CeGaO3,Ce,Ga,O,1.42,-2,3,1.34,3.0,0.62
DyGaO3,Dy,Ga,O,1.42,-2,3,1.083,3.0,0.62
DyGaSe3,Dy,Ga,Se,1.98,-2,3,1.083,3.0,0.62
ErGaO3,Er,Ga,O,1.42,-2,3.0,1.062,3.0,0.62
GdGaO3,Gd,Ga,O,1.42,-2,3.0,1.107,3.0,0.62
HoGaO3,Ho,Ga,O,1.42,-2,3.0,1.12,3.0,0.62
LuGaO3,Lu,Ga,O,1.42,-2,3.0,1.032,3.0,0.62
NdGaO3,Nd,Ga,O,1.42,-2,3,1.27,3.0,0.62
PrGaO3,Pr,Ga,O,1.42,-2,3,1.179,3.0,0.62
TbGaO3,Tb,Ga,O,1.42,-2,3,1.095,3.0,0.62
TmGaO3,Tm,Ga,O,1.42,-2,3,1.052,3.0,0.62
YbGaO3,Yb,Ga,O,1.42,-2,3,1.042,3.0,0.62
InGaO3,In,Ga,O,1.42,-2,3.0,0.92,3.0,0.62
InGaS3,In,Ga,S,1.84,-2,3.0,0.92,3.0,0.62
InGaSe3,In,Ga,Se,1.98,-2,3.0,0.92,3.0,0.62
ZnGaO3,Zn,Ga,O,1.42,-2,2.0,0.9,3.0,0.62
CrGaSe3,Cr,Ga,Se,1.98,-2,3,0.615,3.0,0.62
PuGaO3,Pu,Ga,O,1.42,-2,3,1,3.0,0.62
TlGaO3,Tl,Ga,O,1.42,-2,3,0.98,3.0,0.62
CsBSe3,Cs,B,Se,1.98,-2,1.0,1.88,3.0,0.27
LiBO3,Li,B,O,1.42,-2,1.0,0.92,3.0,0.27
RbBO3,Rb,B,O,1.42,-2,1.0,1.72,3.0,0.27
RbBS3,Rb,B,S,1.84,-2,1.0,1.72,3.0,0.27
RbBSe3,Rb,B,Se,1.98,-2,1.0,1.72,3.0,0.27
AlBO3,Al,B,O,1.42,-2,3.0,0.535,3.0,0.27
BeBO3,Be,B,O,1.42,-2,2.0,0.45,3.0,0.27
CoBO3,Co,B,O,1.42,-2,3,0.61,3.0,0.27
EuBO3,Eu,B,O,1.42,-2,3,1.12,3.0,0.27
FeBO3,Fe,B,O,1.42,-2,3,0.78,3.0,0.27
LaBO3,La,B,O,1.42,-2,3.0,1.36,3.0,0.27
MnBO3,Mn,B,O,1.42,-2,3,0.645,3.0,0.27
PaBO3,Pa,B,O,1.42,-2,3,1.04,3.0,0.27
ScBO3,Sc,B,O,1.42,-2,3.0,0.87,3.0,0.27
SiBO3,Si,B,O,1.42,-2,4.0,0.4,3.0,0.27
SmBO3,Sm,B,O,1.42,-2,3,1.24,3.0,0.27
SmBS3,Sm,B,S,1.84,-2,3,1.24,3.0,0.27
SrBO3,Sr,B,O,1.42,-2,2.0,1.44,3.0,0.27
VBO3,V,B,O,1.42,-2,3,0.64,3.0,0.27
YBO3,Y,B,O,1.42,-2,3.0,1.075,3.0,0.27
AcBO3,Ac,B,O,1.42,-2,3.0,1.12,3.0,0.27
BaBO3,Ba,B,O,1.42,-2,2.0,1.61,3.0,0.27
CeBO3,Ce,B,O,1.42,-2,3,1.34,3.0,0.27
CeBS3,Ce,B,S,1.84,-2,3,1.34,3.0,0.27
DyBO3,Dy,B,O,1.42,-2,3,1.083,3.0,0.27
ErBO3,Er,B,O,1.42,-2,3.0,1.062,3.0,0.27
GdBO3,Gd,B,O,1.42,-2,3.0,1.107,3.0,0.27
HoBO3,Ho,B,O,1.42,-2,3.0,1.12,3.0,0.27
LuBO3,Lu,B,O,1.42,-2,3.0,1.032,3.0,0.27
MgBO3,Mg,B,O,1.42,-2,2.0,0.89,3.0,0.27
NdBO3,Nd,B,O,1.42,-2,3,1.27,3.0,0.27
NdBS3,Nd,B,S,1.84,-2,3,1.27,3.0,0.27
NpBO3,Np,B,O,1.42,-2,3,1.01,3.0,0.27
PrBO3,Pr,B,O,1.42,-2,3,1.179,3.0,0.27
PrBS3,Pr,B,S,1.84,-2,3,1.179,3.0,0.27
TbBO3,Tb,B,O,1.42,-2,3,1.095,3.0,0.27
TbBS3,Tb,B,S,1.84,-2,3,1.095,3.0,0.27
TiBO3,Ti,B,O,1.42,-2,3,0.67,3.0,0.27
TmBO3,Tm,B,O,1.42,-2,3,1.052,3.0,0.27
UBO3,U,B,O,1.42,-2,3,1.025,3.0,0.27
YbBO3,Yb,B,O,1.42,-2,3,1.042,3.0,0.27
ZrBO3,Zr,B,O,1.42,-2,4.0,0.89,3.0,0.27
AgBO3,Ag,B,O,1.42,-2,3,0.75,3.0,0.27
CuBO3,Cu,B,O,1.42,-2,3,0.54,3.0,0.27
InBO3,In,B,O,1.42,-2,3.0,0.92,3.0,0.27
ZnBO3,Zn,B,O,1.42,-2,2.0,0.9,3.0,0.27
BiBO3,Bi,B,O,1.42,-2,3,1.17,3.0,0.27
CaBO3,Ca,B,O,1.42,-2,2.0,1.34,3.0,0.27
CdBO3,Cd,B,O,1.42,-2,2.0,1.31,3.0,0.27
CrBO3,Cr,B,O,1.42,-2,3,0.615,3.0,0.27
GaBO3,Ga,B,O,1.42,-2,3.0,0.62,3.0,0.27
GeBO3,Ge,B,O,1.42,-2,2,0.73,3.0,0.27
HfBO3,Hf,B,O,1.42,-2,4.0,0.83,3.0,0.27
PuBO3,Pu,B,O,1.42,-2,3,1,3.0,0.27
SnBO3,Sn,B,O,1.42,-2,4.0,0.81,3.0,0.27
ThBO3,Th,B,O,1.42,-2,4.0,1.21,3.0,0.27
TlBO3,Tl,B,O,1.42,-2,3,0.98,3.0,0.27
TlBS3,Tl,B,S,1.84,-2,3,0.98,3.0,0.27
TlBSe3,Tl,B,Se,1.98,-2,3,0.98,3.0,0.27
CsSiI3,Cs,Si,I,2.2,-1,1.0,1.88,4.0,0.4
KSiO3,K,Si,O,1.42,-2,1.0,1.64,4.0,0.4
KSiH3,K,Si,H,2.08,-1,1.0,1.64,4.0,0.4
LiSiO3,Li,Si,O,1.42,-2,1.0,0.92,4.0,0.4
AlSiO3,Al,Si,O,1.42,-2,3.0,0.535,4.0,0.4
BeSiO3,Be,Si,O,1.42,-2,2.0,0.45,4.0,0.4
CoSiO3,Co,Si,O,1.42,-2,2,0.9,4.0,0.4
EuSiO3,Eu,Si,O,1.42,-2,2,1.35,4.0,0.4
FeSiO3,Fe,Si,O,1.42,-2,2,0.92,4.0,0.4
MnSiO3,Mn,Si,O,1.42,-2,2,0.96,4.0,0.4
NaSiO3,Na,Si,O,1.42,-2,1.0,1.39,4.0,0.4
PaSiO3,Pa,Si,O,1.42,-2,3,1.04,4.0,0.4
ScSiO3,Sc,Si,O,1.42,-2,3.0,0.87,4.0,0.4
SmSiO3,Sm,Si,O,1.42,-2,2,1.32,4.0,0.4
SrSiO3,Sr,Si,O,1.42,-2,2.0,1.44,4.0,0.4
VSiO3,V,Si,O,1.42,-2,2,0.79,4.0,0.4
YSiO3,Y,Si,O,1.42,-2,3.0,1.075,4.0,0.4
AcSiO3,Ac,Si,O,1.42,-2,3.0,1.12,4.0,0.4
BaSiO3,Ba,Si,O,1.42,-2,2.0,1.61,4.0,0.4
GdSiO3,Gd,Si,O,1.42,-2,3.0,1.107,4.0,0.4
HoSiO3,Ho,Si,O,1.42,-2,3.0,1.12,4.0,0.4
LuSiO3,Lu,Si,O,1.42,-2,3.0,1.032,4.0,0.4
MgSiO3,Mg,Si,O,1.42,-2,2.0,0.89,4.0,0.4
NpSiO3,Np,Si,O,1.42,-2,2,1.1,4.0,0.4
TbSiO3,Tb,Si,O,1.42,-2,3,1.095,4.0,0.4
USiO3,U,Si,O,1.42,-2,3,1.025,4.0,0.4
YbSiO3,Yb,Si,O,1.42,-2,2,1.14,4.0,0.4
ZrSiO3,Zr,Si,O,1.42,-2,4.0,0.89,4.0,0.4
CuSiO3,Cu,Si,O,1.42,-2,2,0.73,4.0,0.4
InSiO3,In,Si,O,1.42,-2,3.0,0.92,4.0,0.4
ZnSiO3,Zn,Si,O,1.42,-2,2.0,0.9,4.0,0.4
CaSiO3,Ca,Si,O,1.42,-2,2.0,1.34,4.0,0.4
CdSiO3,Cd,Si,O,1.42,-2,2.0,1.31,4.0,0.4
GaSiO3,Ga,Si,O,1.42,-2,3.0,0.62,4.0,0.4
ThSiO3,Th,Si,O,1.42,-2,4.0,1.21,4.0,0.4
TlSiO3,Tl,Si,O,1.42,-2,1,1.7,4.0,0.4
KAlO3,K,Al,O,1.42,-2,1.0,1.64,3.0,0.535
KAlH3,K,Al,H,2.08,-1,1.0,1.64,3.0,0.535
LiAlO3,Li,Al,O,1.42,-2,1.0,0.92,3.0,0.535
RbAlO3,Rb,Al,O,1.42,-2,1.0,1.72,3.0,0.535
EuAlO3,Eu,Al,O,1.42,-2,3,1.12,3.0,0.535
LaAlO3,La,Al,O,1.42,-2,3.0,1.36,3.0,0.535
MnAlO3,Mn,Al,O,1.42,-2,3,0.645,3.0,0.535
NaAlO3,Na,Al,O,1.42,-2,1.0,1.39,3.0,0.535
ScAlO3,Sc,Al,O,1.42,-2,3.0,0.87,3.0,0.535
SmAlO3,Sm,Al,O,1.42,-2,3,1.24,3.0,0.535
SrAlO3,Sr,Al,O,1.42,-2,2.0,1.44,3.0,0.535
SrAlH3,Sr,Al,H,2.08,-1,2.0,1.44,3.0,0.535
YAlO3,Y,Al,O,1.42,-2,3.0,1.075,3.0,0.535
AcAlO3,Ac,Al,O,1.42,-2,3.0,1.12,3.0,0.535
BaAlO3,Ba,Al,O,1.42,-2,2.0,1.61,3.0,0.535
CeAlO3,Ce,Al,O,1.42,-2,3,1.34,3.0,0.535
DyAlO3,Dy,Al,O,1.42,-2,3,1.083,3.0,0.535
ErAlO3,Er,Al,O,1.42,-2,3.0,1.062,3.0,0.535
GdAlO3,Gd,Al,O,1.42,-2,3.0,1.107,3.0,0.535
HoAlO3,Ho,Al,O,1.42,-2,3.0,1.12,3.0,0.535
LuAlO3,Lu,Al,O,1.42,-2,3.0,1.032,3.0,0.535
MgAlO3,Mg,Al,O,1.42,-2,2.0,0.89,3.0,0.535
NdAlO3,Nd,Al,O,1.42,-2,3,1.27,3.0,0.535
NpAlO3,Np,Al,O,1.42,-2,3,1.01,3.0,0.535
PrAlO3,Pr,Al,O,1.42,-2,3,1.179,3.0,0.535
TbAlO3,Tb,Al,O,1.42,-2,3,1.095,3.0,0.535
TiAlO3,Ti,Al,O,1.42,-2,3,0.67,3.0,0.535
TmAlO3,Tm,Al,O,1.42,-2,3,1.052,3.0,0.535
UAlO3,U,Al,O,1.42,-2,3,1.025,3.0,0.535
YbAlO3,Yb,Al,O,1.42,-2,3,1.042,3.0,0.535
ZrAlO3,Zr,Al,O,1.42,-2,4.0,0.89,3.0,0.535
KCO3,K,C,O,1.42,-2,1.0,1.64,4.0,0.16
RbCO3,Rb,C,O,1.42,-2,1.0,1.72,4.0,0.16
CoCO3,Co,C,O,1.42,-2,2,0.9,4.0,0.16
EuCO3,Eu,C,O,1.42,-2,2,1.35,4.0,0.16
FeCO3,Fe,C,O,1.42,-2,2,0.92,4.0,0.16
MnCO3,Mn,C,O,1.42,-2,2,0.96,4.0,0.16
NaCO3,Na,C,O,1.42,-2,1.0,1.39,4.0,0.16
SiCCl3,Si,C,Cl,1.81,-1,4.0,0.4,4.0,0.16
SrCO3,Sr,C,O,1.42,-2,2.0,1.44,4.0,0.16
BaCO3,Ba,C,O,1.42,-2,2.0,1.61,4.0,0.16
MgCO3,Mg,C,O,1.42,-2,2.0,0.89,4.0,0.16
TbCO3,Tb,C,O,1.42,-2,3,1.095,4.0,0.16
YbCO3,Yb,C,O,1.42,-2,2,1.14,4.0,0.16
AgCO3,Ag,C,O,1.42,-2,2,0.94,4.0,0.16
CuCO3,Cu,C,O,1.42,-2,2,0.73,4.0,0.16
NiCO3,Ni,C,O,1.42,-2,2,0.69,4.0,0.16
AsCF3,As,C,F,1.33,-1,3,0.58,4.0,0.16
PbCO3,Pb,C,O,1.42,-2,2,1.49,4.0,0.16
ZnCO3,Zn,C,O,1.42,-2,2.0,0.9,4.0,0.16
BiCO3,Bi,C,O,1.42,-2,3,1.17,4.0,0.16
CaCO3,Ca,C,O,1.42,-2,2.0,1.34,4.0,0.16
CdCO3,Cd,C,O,1.42,-2,2.0,1.31,4.0,0.16
SnCCl3,Sn,C,Cl,1.81,-1,4.0,0.81,4.0,0.16
PCF3,P,C,F,1.33,-1,3,0.44,4.0,0.16
KErO3,K,Er,O,1.42,-2,1.0,1.64,3,0.89
LiErO3,Li,Er,O,1.42,-2,1.0,0.92,3,0.89
RbErO3,Rb,Er,O,1.42,-2,1.0,1.72,3,0.89
EuErO3,Eu,Er,O,1.42,-2,3,1.12,3,0.89
LaErO3,La,Er,O,1.42,-2,3.0,1.36,3,0.89
LaErS3,La,Er,S,1.84,-2,3.0,1.36,3,0.89
SmErO3,Sm,Er,O,1.42,-2,3,1.24,3,0.89
SrErO3,Sr,Er,O,1.42,-2,2.0,1.44,3,0.89
YErO3,Y,Er,O,1.42,-2,3.0,1.075,3,0.89
BaErO3,Ba,Er,O,1.42,-2,2.0,1.61,3,0.89
CeErS3,Ce,Er,S,1.84,-2,3,1.34,3,0.89
DyErO3,Dy,Er,O,1.42,-2,3,1.083,3,0.89
GdErO3,Gd,Er,O,1.42,-2,3.0,1.107,3,0.89
HoErO3,Ho,Er,O,1.42,-2,3.0,1.12,3,0.89
PrErS3,Pr,Er,S,1.84,-2,3,1.179,3,0.89
TbErO3,Tb,Er,O,1.42,-2,3,1.095,3,0.89
PmErO3,Pm,Er,O,1.42,-2,3.0,1.144,3,0.89
KHfO3,K,Hf,O,1.42,-2,1.0,1.64,4.0,0.83
EuHfO3,Eu,Hf,O,1.42,-2,2,1.35,4.0,0.83
EuHfS3,Eu,Hf,S,1.84,-2,2,1.35,4.0,0.83
SrHfO3,Sr,Hf,O,1.42,-2,2.0,1.44,4.0,0.83
SrHfS3,Sr,Hf,S,1.84,-2,2.0,1.44,4.0,0.83
BaHfO3,Ba,Hf,O,1.42,-2,2.0,1.61,4.0,0.83
BaHfS3,Ba,Hf,S,1.84,-2,2.0,1.61,4.0,0.83
PrHfO3,Pr,Hf,O,1.42,-2,3,1.179,4.0,0.83
YbHfO3,Yb,Hf,O,1.42,-2,2,1.14,4.0,0.83
CaHfO3,Ca,Hf,O,1.42,-2,2.0,1.34,4.0,0.83
CaHfS3,Ca,Hf,S,1.84,-2,2.0,1.34,4.0,0.83
KHoO3,K,Ho,O,1.42,-2,1.0,1.64,3.0,1.12
LiHoO3,Li,Ho,O,1.42,-2,1.0,0.92,3.0,1.12
RbHoO3,Rb,Ho,O,1.42,-2,1.0,1.72,3.0,1.12
LaHoO3,La,Ho,O,1.42,-2,3.0,1.36,3.0,1.12
LaHoS3,La,Ho,S,1.84,-2,3.0,1.36,3.0,1.12
SmHoO3,Sm,Ho,O,1.42,-2,3,1.24,3.0,1.12
SrHoO3,Sr,Ho,O,1.42,-2,2.0,1.44,3.0,1.12
YHoO3,Y,Ho,O,1.42,-2,3.0,1.075,3.0,1.12
DyHoO3,Dy,Ho,O,1.42,-2,3,1.083,3.0,1.12
TbHoO3,Tb,Ho,O,1.42,-2,3,1.095,3.0,1.12
CaHoO3,Ca,Ho,O,1.42,-2,2.0,1.34,3.0,1.12
KLiO3,K,Li,O,1.42,-2,1.0,1.64,1.0,0.92
RbLiO3,Rb,Li,O,1.42,-2,1.0,1.72,1.0,0.92
NaLiO3,Na,Li,O,1.42,-2,1.0,1.39,1.0,0.92
SrLiO3,Sr,Li,O,1.42,-2,2.0,1.44,1.0,0.92
SrLiH3,Sr,Li,H,2.08,-1,2.0,1.44,1.0,0.92
BaLiO3,Ba,Li,O,1.42,-2,2.0,1.61,1.0,0.92
BaLiF3,Ba,Li,F,1.33,-1,2.0,1.61,1.0,0.92
BaLiH3,Ba,Li,H,2.08,-1,2.0,1.61,1.0,0.92
KLuO3,K,Lu,O,1.42,-2,1.0,1.64,3.0,1.032
LiLuO3,Li,Lu,O,1.42,-2,1.0,0.92,3.0,1.032
EuLuO3,Eu,Lu,O,1.42,-2,3,1.12,3.0,1.032
LaLuO3,La,Lu,O,1.42,-2,3.0,1.36,3.0,1.032
LaLuS3,La,Lu,S,1.84,-2,3.0,1.36,3.0,1.032
SmLuO3,Sm,Lu,O,1.42,-2,3,1.24,3.0,1.032
SmLuSe3,Sm,Lu,Se,1.98,-2,3,1.24,3.0,1.032
YLuO3,Y,Lu,O,1.42,-2,3.0,1.075,3.0,1.032
CeLuO3,Ce,Lu,O,1.42,-2,3,1.34,3.0,1.032
CeLuS3,Ce,Lu,S,1.84,-2,3,1.34,3.0,1.032
DyLuO3,Dy,Lu,O,1.42,-2,3,1.083,3.0,1.032
ErLuO3,Er,Lu,O,1.42,-2,3.0,1.062,3.0,1.032
GdLuO3,Gd,Lu,O,1.42,-2,3.0,1.107,3.0,1.032
HoLuO3,Ho,Lu,O,1.42,-2,3.0,1.12,3.0,1.032
NdLuO3,Nd,Lu,O,1.42,-2,3,1.27,3.0,1.032
NdLuS3,Nd,Lu,S,1.84,-2,3,1.27,3.0,1.032
NdLuSe3,Nd,Lu,Se,1.98,-2,3,1.27,3.0,1.032
PrLuO3,Pr,Lu,O,1.42,-2,3,1.179,3.0,1.032
PrLuS3,Pr,Lu,S,1.84,-2,3,1.179,3.0,1.032
PrLuSe3,Pr,Lu,Se,1.98,-2,3,1.179,3.0,1.032
TbLuO3,Tb,Lu,O,1.42,-2,3,1.095,3.0,1.032
KReO3,K,Re,O,1.42,-2,1.0,1.64,5,0.58
LiReO3,Li,Re,O,1.42,-2,1.0,0.92,5,0.58
RbReO3,Rb,Re,O,1.42,-2,1.0,1.72,5,0.58
BeReO3,Be,Re,O,1.42,-2,2.0,0.45,4,0.63
EuReO3,Eu,Re,O,1.42,-2,2,1.35,4,0.63
LaReN3,La,Re,N,1.46,-3,3.0,1.36,6,0.55
NaReO3,Na,Re,O,1.42,-2,1.0,1.39,5,0.58
SrReO3,Sr,Re,O,1.42,-2,2.0,1.44,4,0.63
SrReN3,Sr,Re,N,1.46,-3,2.0,1.44,7,0.53
YReN3,Y,Re,N,1.46,-3,3.0,1.075,6,0.55
BaReO3,Ba,Re,O,1.42,-2,2.0,1.61,4,0.63
BaReN3,Ba,Re,N,1.46,-3,2.0,1.61,7,0.53
LuReO3,Lu,Re,O,1.42,-2,3.0,1.032,4,0.63
MgReO3,Mg,Re,O,1.42,-2,2.0,0.89,4,0.63
NdReO3,Nd,Re,O,1.42,-2,2,1.35,4,0.63
TiReN3,Ti,Re,N,1.46,-3,3,0.67,6,0.55
UReO3,U,Re,O,1.42,-2,3,1.025,4,0.63
YbReO3,Yb,Re,O,1.42,-2,2,1.14,4,0.63
CaReN3,Ca,Re,N,1.46,-3,2.0,1.34,7,0.53
ThReO3,Th,Re,O,1.42,-2,4.0,1.21,4,0.63
KRhO3,K,Rh,O,1.42,-2,1.0,1.64,5,0.55
RbRhO3,Rb,Rh,O,1.42,-2,1.0,1.72,5,0.55
AlRhO3,Al,Rh,O,1.42,-2,3.0,0.535,3,0.665
CoRhO3,Co,Rh,O,1.42,-2,3,0.61,3,0.665
EuRhO3,Eu,Rh,O,1.42,-2,3,1.12,3,0.665
FeRhO3,Fe,Rh,O,1.42,-2,3,0.78,3,0.665
LaRhO3,La,Rh,O,1.42,-2,3.0,1.36,3,0.665
ScRhO3,Sc,Rh,O,1.42,-2,3.0,0.87,3,0.665
SmRhO3,Sm,Rh,O,1.42,-2,3,1.24,3,0.665
SrRhO3,Sr,Rh,O,1.42,-2,2.0,1.44,4,0.6
YRhO3,Y,Rh,O,1.42,-2,3.0,1.075,3,0.665
BaRhO3,Ba,Rh,O,1.42,-2,2.0,1.61,4,0.6
CeRhO3,Ce,Rh,O,1.42,-2,3,1.34,3,0.665
DyRhO3,Dy,Rh,O,1.42,-2,3,1.083,3,0.665
ErRhO3,Er,Rh,O,1.42,-2,3.0,1.062,3,0.665
GdRhO3,Gd,Rh,O,1.42,-2,3.0,1.107,3,0.665
HoRhO3,Ho,Rh,O,1.42,-2,3.0,1.12,3,0.665
LuRhO3,Lu,Rh,O,1.42,-2,3.0,1.032,3,0.665
MgRhO3,Mg,Rh,O,1.42,-2,2.0,0.89,4,0.6
NdRhO3,Nd,Rh,O,1.42,-2,3,1.27,3,0.665
PrRhO3,Pr,Rh,O,1.42,-2,3,1.179,3,0.665
TbRhO3,Tb,Rh,O,1.42,-2,3,1.095,3,0.665
TmRhO3,Tm,Rh,O,1.42,-2,3,1.052,3,0.665
URhS3,U,Rh,S,1.84,-2,3,1.025,3,0.665
YbRhO3,Yb,Rh,O,1.42,-2,3,1.042,3,0.665
InRhO3,In,Rh,O,1.42,-2,3.0,0.92,3,0.665
ZnRhO3,Zn,Rh,O,1.42,-2,2.0,0.9,4,0.6
BiRhO3,Bi,Rh,O,1.42,-2,3,1.17,3,0.665
CaRhO3,Ca,Rh,O,1.42,-2,2.0,1.34,4,0.6
CdRhO3,Cd,Rh,O,1.42,-2,2.0,1.31,4,0.6
CrRhO3,Cr,Rh,O,1.42,-2,3,0.615,3,0.665
KTcO3,K,Tc,O,1.42,-2,1.0,1.64,5,0.6
KTcCl3,K,Tc,Cl,1.81,-1,1.0,1.64,4,0.645
LiTcO3,Li,Tc,O,1.42,-2,1.0,0.92,5,0.6
EuTcO3,Eu,Tc,O,1.42,-2,2,1.35,4,0.645
LaTcN3,La,Tc,N,1.46,-3,3.0,1.36,5,0.6
NaTcO3,Na,Tc,O,1.42,-2,1.0,1.39,5,0.6
SrTcO3,Sr,Tc,O,1.42,-2,2.0,1.44,4,0.645
SrTcN3,Sr,Tc,N,1.46,-3,2.0,1.44,7,0.56
YTcN3,Y,Tc,N,1.46,-3,3.0,1.075,5,0.6
BaTcO3,Ba,Tc,O,1.42,-2,2.0,1.61,4,0.645
NpTcO3,Np,Tc,O,1.42,-2,2,1.1,4,0.645
UTcO3,U,Tc,O,1.42,-2,3,1.025,4,0.645
YbTcO3,Yb,Tc,O,1.42,-2,2,1.14,4,0.645
CaTcO3,Ca,Tc,O,1.42,-2,2.0,1.34,4,0.645
CaTcN3,Ca,Tc,N,1.46,-3,2.0,1.34,7,0.56
CdTcO3,Cd,Tc,O,1.42,-2,2.0,1.31,4,0.645
CrTcO3,Cr,Tc,O,1.42,-2,2,0.73,4,0.645
TlTcO3,Tl,Tc,O,1.42,-2,1,1.7,5,0.6
KWO3,K,W,O,1.42,-2,1.0,1.64,5,0.62
RbWO3,Rb,W,O,1.42,-2,1.0,1.72,5,0.62
AlWO3,Al,W,O,1.42,-2,3.0,0.535,4,0.66
AlWN3,Al,W,N,1.46,-3,3.0,0.535,6,0.6
CoWN3,Co,W,N,1.46,-3,3,0.61,6,0.6
EuWO3,Eu,W,O,1.42,-2,2,1.35,4,0.66
LaWN3,La,W,N,1.46,-3,3.0,1.36,6,0.6
NaWO3,Na,W,O,1.42,-2,1.0,1.39,5,0.62
NbWN3,Nb,W,N,1.46,-3,3,0.72,6,0.6
ScWN3,Sc,W,N,1.46,-3,3.0,0.87,6,0.6
SrWO3,Sr,W,O,1.42,-2,2.0,1.44,4,0.66
SrWN3,Sr,W,N,1.46,-3,2.0,1.44,6,0.6
TaWN3,Ta,W,N,1.46,-3,3,0.72,6,0.6
VWN3,V,W,N,1.46,-3,3,0.64,6,0.6
YWO3,Y,W,O,1.42,-2,3.0,1.075,4,0.66
YWN3,Y,W,N,1.46,-3,3.0,1.075,6,0.6
BaWO3,Ba,W,O,1.42,-2,2.0,1.61,4,0.66
BaWN3,Ba,W,N,1.46,-3,2.0,1.61,6,0.6
MgWO3,Mg,W,O,1.42,-2,2.0,0.89,4,0.66
TiWN3,Ti,W,N,1.46,-3,3,0.67,6,0.6
YbWO3,Yb,W,O,1.42,-2,2,1.14,4,0.66
ZrWN3,Zr,W,N,1.46,-3,4.0,0.89,5,0.62
ZnWO3,Zn,W,O,1.42,-2,2.0,0.9,4,0.66
CaWO3,Ca,W,O,1.42,-2,2.0,1.34,4,0.66
CaWN3,Ca,W,N,1.46,-3,2.0,1.34,6,0.6
CrWO3,Cr,W,O,1.42,-2,2,0.73,4,0.66
ThWO3,Th,W,O,1.42,-2,4.0,1.21,4,0.66
TlWO3,Tl,W,O,1.42,-2,1,1.7,5,0.62
PmWO3,Pm,W,O,1.42,-2,3.0,1.144,4,0.66
ReWN3,Re,W,N,1.46,-3,5,0.58,4,0.66
MoWN3,Mo,W,N,1.46,-3,3,0.69,6,0.6
RhWN3,Rh,W,N,1.46,-3,3,0.665,6,0.6
KYO3,K,Y,O,1.42,-2,1.0,1.64,3.0,1.075
LiYO3,Li,Y,O,1.42,-2,1.0,0.92,3.0,1.075
RbYO3,Rb,Y,O,1.42,-2,1.0,1.72,3.0,1.075
LaYO3,La,Y,O,1.42,-2,3.0,1.36,3.0,1.075
LaYS3,La,Y,S,1.84,-2,3.0,1.36,3.0,1.075
SmYO3,Sm,Y,O,1.42,-2,3,1.24,3.0,1.075
DyYO3,Dy,Y,O,1.42,-2,3,1.083,3.0,1.075
CaYO3,Ca,Y,O,1.42,-2,2.0,1.34,3.0,1.075
KZnO3,K,Zn,O,1.42,-2,1.0,1.64,2.0,0.9
KZnF3,K,Zn,F,1.33,-1,1.0,1.64,2.0,0.9
RbZnO3,Rb,Zn,O,1.42,-2,1.0,1.72,2.0,0.9
RbZnF3,Rb,Zn,F,1.33,-1,1.0,1.72,2.0,0.9
BeZnO3,Be,Zn,O,1.42,-2,2.0,0.45,2.0,0.9
LaZnO3,La,Zn,O,1.42,-2,3.0,1.36,2.0,0.9
MnZnO3,Mn,Zn,O,1.42,-2,4,0.53,2.0,0.9
NaZnO3,Na,Zn,O,1.42,-2,1.0,1.39,2.0,0.9
NaZnF3,Na,Zn,F,1.33,-1,1.0,1.39,2.0,0.9
SrZnO3,Sr,Zn,O,1.42,-2,2.0,1.44,2.0,0.9
VZnO3,V,Zn,O,1.42,-2,4,0.72,2.0,0.9
BaZnO3,Ba,Zn,O,1.42,-2,2.0,1.61,2.0,0.9
ErZnO3,Er,Zn,O,1.42,-2,3.0,1.062,2.0,0.9
MgZnO3,Mg,Zn,O,1.42,-2,2.0,0.89,2.0,0.9
TiZnO3,Ti,Zn,O,1.42,-2,4,0.74,2.0,0.9
YbZnO3,Yb,Zn,O,1.42,-2,3,1.042,2.0,0.9
ZrZnO3,Zr,Zn,O,1.42,-2,4.0,0.89,2.0,0.9
CaZnO3,Ca,Zn,O,1.42,-2,2.0,1.34,2.0,0.9
HfZnO3,Hf,Zn,O,1.42,-2,4.0,0.83,2.0,0.9
TlZnF3,Tl,Zn,F,1.33,-1,1,1.7,2.0,0.9
KZrO3,K,Zr,O,1.42,-2,1.0,1.64,4.0,0.89
EuZrO3,Eu,Zr,O,1.42,-2,2,1.35,4.0,0.89
EuZrS3,Eu,Zr,S,1.84,-2,2,1.35,4.0,0.89
EuZrSe3,Eu,Zr,Se,1.98,-2,2,1.35,4.0,0.89
LaZrO3,La,Zr,O,1.42,-2,3.0,1.36,4.0,0.89
SrZrO3,Sr,Zr,O,1.42,-2,2.0,1.44,4.0,0.89
SrZrS3,Sr,Zr,S,1.84,-2,2.0,1.44,4.0,0.89
SrZrSe3,Sr,Zr,Se,1.98,-2,2.0,1.44,4.0,0.89
YZrO3,Y,Zr,O,1.42,-2,3.0,1.075,4.0,0.89
BaZrO3,Ba,Zr,O,1.42,-2,2.0,1.61,4.0,0.89
BaZrS3,Ba,Zr,S,1.84,-2,2.0,1.61,4.0,0.89
BaZrSe3,Ba,Zr,Se,1.98,-2,2.0,1.61,4.0,0.89
GdZrO3,Gd,Zr,O,1.42,-2,3.0,1.107,4.0,0.89
MgZrO3,Mg,Zr,O,1.42,-2,2.0,0.89,4.0,0.89
NdZrO3,Nd,Zr,O,1.42,-2,2,1.35,4.0,0.89
CaZrO3,Ca,Zr,O,1.42,-2,2.0,1.34,4.0,0.89
CaZrS3,Ca,Zr,S,1.84,-2,2.0,1.34,4.0,0.89
LiCeO3,Li,Ce,O,1.42,-2,1.0,0.92,4,0.87
SrCeO3,Sr,Ce,O,1.42,-2,2.0,1.44,4,0.87
BaCeO3,Ba,Ce,O,1.42,-2,2.0,1.61,4,0.87
YbCeO3,Yb,Ce,O,1.42,-2,3,1.042,3,1.01
YbCeS3,Yb,Ce,S,1.84,-2,3,1.042,3,1.01
YbCeSe3,Yb,Ce,Se,1.98,-2,3,1.042,3,1.01
CaCeO3,Ca,Ce,O,1.42,-2,2.0,1.34,4,0.87
LiPmO3,Li,Pm,O,1.42,-2,1.0,0.92,3.0,1.144
