Name,A_site,B_site,X_site
AcAlO3,Ac,Al,O
AcBO3,Ac,B,O
AcCrO3,Ac,Cr,O
AcCuO3,Ac,Cu,O
AcFeO3,Ac,Fe,O
AcGaO3,Ac,Ga,O
AcMgO3,Ac,Mg,O
AcMnO3,Ac,Mn,O
AcNiO3,Ac,Ni,O
AcPdO3,Ac,Pd,O
AcScO3,Ac,Sc,O
AcSiO3,Ac,Si,O
AcTiO3,Ac,Ti,O
AcVO3,Ac,V,O
AgAsO3,Ag,As,O
AgAuO3,Ag,Au,O
AgBiO3,Ag,Bi,O
AgBO3,Ag,B,O
AgBrO3,Ag,Br,O
AgClO3,Ag,Cl,O
AgCO3,Ag,C,O
AgGeO3,Ag,Ge,O
AgIO3,Ag,I,O
AgPbO3,Ag,Pb,O
AgPdO3,Ag,Pd,O
AgPO3,Ag,P,O
AgPS3,Ag,P,S
AgRuO3,Ag,Ru,O
AgSbO3,Ag,Sb,O
AgSnO3,Ag,Sn,O
AlAgO3,Al,Ag,O
AlAuO3,Al,Au,O
AlBiO3,Al,Bi,O
AlBO3,Al,B,O
AlCoO3,Al,Co,O
AlCrO3,Al,Cr,O
AlCuO3,Al,Cu,O
AlFeO3,Al,Fe,O
AlGaO3,Al,Ga,O
AlInO3,Al,In,O
AlInS3,Al,In,S
AlInSe3,Al,In,Se
AlIrO3,Al,Ir,O
AlMoN3,Al,Mo,N
AlMoO3,Al,Mo,O
AlNiO3,Al,Ni,O
AlPbO3,Al,Pb,O
AlPdO3,Al,Pd,O
AlRhO3,Al,Rh,O
AlSbO3,Al,Sb,O
AlSBr3,Al,S,Br
AlSiO3,Al,Si,O
AlSnO3,Al,Sn,O
AlTlO3,Al,Tl,O
AlVO3,Al,V,O
AlWN3,Al,W,N
AlWO3,Al,W,O
AsAuO3,As,Au,O
AsCF3,As,C,F
BaAlO3,Ba,Al,O
BaAuO3,Ba,Au,O
BaBeO3,Ba,Be,O
BaBiO3,Ba,Bi,O
BaBiSe3,Ba,Bi,Se
BaBO3,Ba,B,O
BaCaO3,Ba,Ca,O
BaCdO3,Ba,Cd,O
BaCeO3,Ba,Ce,O
BaClO3,Ba,Cl,O
BaCO3,Ba,C,O
BaCoO3,Ba,Co,O
BaCrO3,Ba,Cr,O
BaCuO3,Ba,Cu,O
BaDyO3,Ba,Dy,O
BaErO3,Ba,Er,O
BaEuO3,Ba,Eu,O
BaFeO3,Ba,Fe,O
BaGeO3,Ba,Ge,O
BaGeS3,Ba,Ge,S
BaHfO3,Ba,Hf,O
BaHfS3,Ba,Hf,S
BaInO3,Ba,In,O
BaIrO3,Ba,Ir,O
BaLiF3,Ba,Li,F
BaLiH3,Ba,Li,H
BaLiO3,Ba,Li,O
BaMnO3,Ba,Mn,O
BaMoO3,Ba,Mo,O
BaNbO3,Ba,Nb,O
BaNbS3,Ba,Nb,S
BaNdO3,Ba,Nd,O
BaNiCl3,Ba,Ni,Cl
BaNiO3,Ba,Ni,O
BaNpO3,Ba,Np,O
BaOsO3,Ba,Os,O
BaPaO3,Ba,Pa,O
BaPbO3,Ba,Pb,O
BaPdO3,Ba,Pd,O
BaPrO3,Ba,Pr,O
BaPS3,Ba,P,S
BaPSe3,Ba,P,Se
BaPtO3,Ba,Pt,O
BaPuO3,Ba,Pu,O
BaReN3,Ba,Re,N
BaReO3,Ba,Re,O
BaRhO3,Ba,Rh,O
BaRuO3,Ba,Ru,O
BaScO3,Ba,Sc,O
BaSeO3,Ba,Se,O
BaSiO3,Ba,Si,O
BaSnO3,Ba,Sn,O
BaSnS3,Ba,Sn,S
BaSO3,Ba,S,O
BaTaO3,Ba,Ta,O
BaTaS3,Ba,Ta,S
BaTaSe3,Ba,Ta,Se
BaTbO3,Ba,Tb,O
BaTcO3,Ba,Tc,O
BaThO3,Ba,Th,O
BaTiO3,Ba,Ti,O
BaTiS3,Ba,Ti,S
BaTiSe3,Ba,Ti,Se
BaTlO3,Ba,Tl,O
BaTmO3,Ba,Tm,O
BAuO3,B,Au,O
BaUO3,Ba,U,O
BaUS3,Ba,U,S
BaVO3,Ba,V,O
BaVS3,Ba,V,S
BaVSe3,Ba,V,Se
BaWN3,Ba,W,N
BaWO3,Ba,W,O
BaYbO3,Ba,Yb,O
BaZnO3,Ba,Zn,O
BaZrO3,Ba,Zr,O
BaZrS3,Ba,Zr,S
BaZrSe3,Ba,Zr,Se
BeAgO3,Be,Ag,O
BeAuO3,Be,Au,O
BeBiO3,Be,Bi,O
BeBO3,Be,B,O
BeCdO3,Be,Cd,O
BeCuO3,Be,Cu,O
BeGaO3,Be,Ga,O
BeGeO3,Be,Ge,O
BeInO3,Be,In,O
BeOsO3,Be,Os,O
BePbO3,Be,Pb,O
BePdO3,Be,Pd,O
BePtO3,Be,Pt,O
BeReO3,Be,Re,O
BeSbO3,Be,Sb,O
BeSiO3,Be,Si,O
BeVO3,Be,V,O
BeZnO3,Be,Zn,O
BiBO3,Bi,B,O
BiCO3,Bi,C,O
BiMoO3,Bi,Mo,O
BiPtO3,Bi,Pt,O
BiRhO3,Bi,Rh,O
BIrO3,B,Ir,O
BiSbO3,Bi,Sb,O
BiSbS3,Bi,Sb,S
BiSbSe3,Bi,Sb,Se
BMoN3,B,Mo,N
BOsO3,B,Os,O
BPbO3,B,Pb,O
BPdO3,B,Pd,O
BPtO3,B,Pt,O
BSbO3,B,Sb,O
CaBeO3,Ca,Be,O
CaBiO3,Ca,Bi,O
CaBO3,Ca,B,O
CaCeO3,Ca,Ce,O
CaCO3,Ca,C,O
CaCoO3,Ca,Co,O
CaCrO3,Ca,Cr,O
CaCuO3,Ca,Cu,O
CaFeO3,Ca,Fe,O
CaGeO3,Ca,Ge,O
CaPdH3,Ca,Pd,H
CaHfO3,Ca,Hf,O
CaHfS3,Ca,Hf,S
CaHoO3,Ca,Ho,O
CaInBr3,Ca,In,Br
CaInI3,Ca,In,I
CaInO3,Ca,In,O
CaIrO3,Ca,Ir,O
CaLaO3,Ca,La,O
CaMgO3,Ca,Mg,O
CaMnO3,Ca,Mn,O
CaMoN3,Ca,Mo,N
CaMoO3,Ca,Mo,O
CaNbO3,Ca,Nb,O
CaNiH3,Ca,Ni,H
CaNiO3,Ca,Ni,O
CaOsO3,Ca,Os,O
CaPbO3,Ca,Pb,O
CaPrO3,Ca,Pr,O
CaPS3,Ca,P,S
CaPSe3,Ca,P,Se
CaPtO3,Ca,Pt,O
CaReN3,Ca,Re,N
CaRhO3,Ca,Rh,O
CaRuO3,Ca,Ru,O
CaSbO3,Ca,Sb,O
CaScO3,Ca,Sc,O
CaSeO3,Ca,Se,O
CaSiO3,Ca,Si,O
CaSnO3,Ca,Sn,O
CaSnS3,Ca,Sn,S
CaTcN3,Ca,Tc,N
CaTcO3,Ca,Tc,O
CaTiO3,Ca,Ti,O
CaTlBr3,Ca,Tl,Br
CaTlCl3,Ca,Tl,Cl
CaTlF3,Ca,Tl,F
CaTlI3,Ca,Tl,I
CaTmO3,Ca,Tm,O
CaVO3,Ca,V,O
CaWN3,Ca,W,N
CaWO3,Ca,W,O
CaYO3,Ca,Y,O
CaZnO3,Ca,Zn,O
CaZrO3,Ca,Zr,O
CaZrS3,Ca,Zr,S
CdBiO3,Cd,Bi,O
CdBO3,Cd,B,O
CdCO3,Cd,C,O
CdCoO3,Cd,Co,O
CdFeO3,Cd,Fe,O
CdGeO3,Cd,Ge,O
CdInBr3,Cd,In,Br
CdIrO3,Cd,Ir,O
CdOsO3,Cd,Os,O
CdPbO3,Cd,Pb,O
CdPS3,Cd,P,S
CdPSe3,Cd,P,Se
CdRhO3,Cd,Rh,O
CdRuO3,Cd,Ru,O
CdSeO3,Cd,Se,O
CdSiO3,Cd,Si,O
CdSnO3,Cd,Sn,O
CdSO3,Cd,S,O
CdTcO3,Cd,Tc,O
CeAlO3,Ce,Al,O
CeAsO3,Ce,As,O
CeBeO3,Ce,Be,O
CeBO3,Ce,B,O
CeBS3,Ce,B,S
CeCdO3,Ce,Cd,O
CeCrO3,Ce,Cr,O
CeCrS3,Ce,Cr,S
CeCrSe3,Ce,Cr,Se
CeCuO3,Ce,Cu,O
CeDyS3,Ce,Dy,S
CeErS3,Ce,Er,S
CeFeO3,Ce,Fe,O
CeGaO3,Ce,Ga,O
CeLuO3,Ce,Lu,O
CeLuS3,Ce,Lu,S
CeMgS3,Ce,Mg,S
CeMgSe3,Ce,Mg,Se
CeMnO3,Ce,Mn,O
CeNiO3,Ce,Ni,O
CePbO3,Ce,Pb,O
CePuO3,Ce,Pu,O
CeRhO3,Ce,Rh,O
CeSbO3,Ce,Sb,O
CeScO3,Ce,Sc,O
CeScS3,Ce,Sc,S
CeTaO3,Ce,Ta,O
CeTiO3,Ce,Ti,O
CeTmO3,Ce,Tm,O
CeTmS3,Ce,Tm,S
CeVO3,Ce,V,O
CIF3,C,I,F
CoAgF3,Co,Ag,F
CoAgO3,Co,Ag,O
CoAuO3,Co,Au,O
CoBiO3,Co,Bi,O
CoBO3,Co,B,O
CoCO3,Co,C,O
CoGeO3,Co,Ge,O
CoMoN3,Co,Mo,N
CoMoO3,Co,Mo,O
CoNiO3,Co,Ni,O
CoPbO3,Co,Pb,O
CoPS3,Co,P,S
CoRhO3,Co,Rh,O
CoSbO3,Co,Sb,O
CoSeO3,Co,Se,O
CoSiO3,Co,Si,O
CoSnO3,Co,Sn,O
CoWN3,Co,W,N
CrBiO3,Cr,Bi,O
CrBO3,Cr,B,O
CrCoBr3,Cr,Co,Br
CrCoCl3,Cr,Co,Cl
CrCuO3,Cr,Cu,O
CrFeO3,Cr,Fe,O
CrGaSe3,Cr,Ga,Se
CrGeO3,Cr,Ge,O
CrInBr3,Cr,In,Br
CrInO3,Cr,In,O
CrMoO3,Cr,Mo,O
CrPbO3,Cr,Pb,O
CrPSe3,Cr,P,Se
CrRhO3,Cr,Rh,O
CrSbS3,Cr,Sb,S
CrSbSe3,Cr,Sb,Se
CrTcO3,Cr,Tc,O
CrWO3,Cr,W,O
CsAcO3,Cs,Ac,O
CsAgBr3,Cs,Ag,Br
CsAgCl3,Cs,Ag,Cl
CsAgF3,Cs,Ag,F
CsAsO3,Cs,As,O
CsAuBr3,Cs,Au,Br
CsAuCl3,Cs,Au,Cl
CsAuF3,Cs,Au,F
CsAuI3,Cs,Au,I
CsAuO3,Cs,Au,O
CsAuSe3,Cs,Au,Se
CsBaI3,Cs,Ba,I
CsBaO3,Cs,Ba,O
CsBeF3,Cs,Be,F
CsBeH3,Cs,Be,H
CsBiO3,Cs,Bi,O
CsBrO3,Cs,Br,O
CsBSe3,Cs,B,Se
CsCaBr3,Cs,Ca,Br
CsCaCl3,Cs,Ca,Cl
CsCaF3,Cs,Ca,F
CsCaH3,Cs,Ca,H
CsCaI3,Cs,Ca,I
CsCaO3,Cs,Ca,O
CsCdBr3,Cs,Cd,Br
CsCdCl3,Cs,Cd,Cl
CsCdF3,Cs,Cd,F
CsCdO3,Cs,Cd,O
CsClO3,Cs,Cl,O
CsCoCl3,Cs,Co,Cl
CsCoF3,Cs,Co,F
CsCrBr3,Cs,Cr,Br
CsCrCl3,Cs,Cr,Cl
CsCrI3,Cs,Cr,I
CsCuBr3,Cs,Cu,Br
CsCuCl3,Cs,Cu,Cl
CsDyBr3,Cs,Dy,Br
CsDyI3,Cs,Dy,I
CsEuBr3,Cs,Eu,Br
CsEuCl3,Cs,Eu,Cl
CsEuF3,Cs,Eu,F
CsEuO3,Cs,Eu,O
CsFeBr3,Cs,Fe,Br
CsFeCl3,Cs,Fe,Cl
CsFeF3,Cs,Fe,F
CsGaS3,Cs,Ga,S
CsGaSe3,Cs,Ga,Se
CsGdO3,Cs,Gd,O
CsGeBr3,Cs,Ge,Br
CsGeCl3,Cs,Ge,Cl
CsGeI3,Cs,Ge,I
CsGeO3,Cs,Ge,O
CsInBr3,Cs,In,Br
CsInCl3,Cs,In,Cl
CsInF3,Cs,In,F
CsInI3,Cs,In,I
CsIO3,Cs,I,O
CsIrO3,Cs,Ir,O
CsKO3,Cs,K,O
CsLaO3,Cs,La,O
CsMgBr3,Cs,Mg,Br
CsMgCl3,Cs,Mg,Cl
CsMgF3,Cs,Mg,F
CsMgH3,Cs,Mg,H
CsMgI3,Cs,Mg,I
CsMgO3,Cs,Mg,O
CsMnBr3,Cs,Mn,Br
CsMnCl3,Cs,Mn,Cl
CsMnF3,Cs,Mn,F
CsMnI3,Cs,Mn,I
CsMoO3,Cs,Mo,O
CSN3,C,S,N
CsNaF3,Cs,Na,F
CsNaO3,Cs,Na,O
CsNbO3,Cs,Nb,O
CsNdO3,Cs,Nd,O
CsNiBr3,Cs,Ni,Br
CsNiCl3,Cs,Ni,Cl
CsNiF3,Cs,Ni,F
CsNpO3,Cs,Np,O
CsOsO3,Cs,Os,O
CsPaO3,Cs,Pa,O
CsPbBr3,Cs,Pb,Br
CsPbCl3,Cs,Pb,Cl
CsPbF3,Cs,Pb,F
CsPbI3,Cs,Pb,I
CsPbO3,Cs,Pb,O
CsPdBr3,Cs,Pd,Br
CsPdCl3,Cs,Pd,Cl
CsPdF3,Cs,Pd,F
CsPdO3,Cs,Pd,O
CsPO3,Cs,P,O
CsPrO3,Cs,Pr,O
CsPS3,Cs,P,S
CsPtBr3,Cs,Pt,Br
CsPuO3,Cs,Pu,O
CsRbO3,Cs,Rb,O
CsRuO3,Cs,Ru,O
CsSbO3,Cs,Sb,O
CsScBr3,Cs,Sc,Br
CsScCl3,Cs,Sc,Cl
CsScI3,Cs,Sc,I
CsSeBr3,Cs,Se,Br
CsSiI3,Cs,Si,I
CsSmBr3,Cs,Sm,Br
CsSmCl3,Cs,Sm,Cl
CsSmI3,Cs,Sm,I
CsSmO3,Cs,Sm,O
CsSnBr3,Cs,Sn,Br
CsSnCl3,Cs,Sn,Cl
CsSnF3,Cs,Sn,F
CsSnI3,Cs,Sn,I
CsSnO3,Cs,Sn,O
CsSnS3,Cs,Sn,S
CsSnSe3,Cs,Sn,Se
CsSO3,Cs,S,O
CsSrBr3,Cs,Sr,Br
CsSrCl3,Cs,Sr,Cl
CsSrF3,Cs,Sr,F
CsSrI3,Cs,Sr,I
CsSrO3,Cs,Sr,O
CsTaO3,Cs,Ta,O
CsTaS3,Cs,Ta,S
CsTaSe3,Cs,Ta,Se
CsTbO3,Cs,Tb,O
CsThO3,Cs,Th,O
CsTiBr3,Cs,Ti,Br
CsTiCl3,Cs,Ti,Cl
CsTiI3,Cs,Ti,I
CsTiO3,Cs,Ti,O
CsTlBr3,Cs,Tl,Br
CsTlCl3,Cs,Tl,Cl
CsTlF3,Cs,Tl,F
CsTlI3,Cs,Tl,I
CsTlO3,Cs,Tl,O
CsTmBr3,Cs,Tm,Br
CsTmCl3,Cs,Tm,Cl
CsTmH3,Cs,Tm,H
CsTmI3,Cs,Tm,I
CsUBr3,Cs,U,Br
CsUO3,Cs,U,O
CsVBr3,Cs,V,Br
CsVCl3,Cs,V,Cl
CsVI3,Cs,V,I
CsVO3,Cs,V,O
CsYbBr3,Cs,Yb,Br
CsYbCl3,Cs,Yb,Cl
CsYbF3,Cs,Yb,F
CsYbH3,Cs,Yb,H
CsYbI3,Cs,Yb,I
CsYbO3,Cs,Yb,O
CuAgF3,Cu,Ag,F
CuAsO3,Cu,As,O
CuBiO3,Cu,Bi,O
CuBO3,Cu,B,O
CuCO3,Cu,C,O
CuGeI3,Cu,Ge,I
CuGeO3,Cu,Ge,O
CuPbBr3,Cu,Pb,Br
CuPbO3,Cu,Pb,O
CuPdO3,Cu,Pd,O
CuPO3,Cu,P,O
CuPS3,Cu,P,S
CuSeO3,Cu,Se,O
CuSiO3,Cu,Si,O
DyAlO3,Dy,Al,O
DyBiO3,Dy,Bi,O
DyBO3,Dy,B,O
DyCoO3,Dy,Co,O
DyCrO3,Dy,Cr,O
DyCrS3,Dy,Cr,S
DyCrSe3,Dy,Cr,Se
DyCuO3,Dy,Cu,O
DyErO3,Dy,Er,O
DyFeO3,Dy,Fe,O
DyGaO3,Dy,Ga,O
DyGaSe3,Dy,Ga,Se
DyHoO3,Dy,Ho,O
DyInO3,Dy,In,O
DyLuO3,Dy,Lu,O
DyMgS3,Dy,Mg,S
DyMgSe3,Dy,Mg,Se
DyMnO3,Dy,Mn,O
DyNiO3,Dy,Ni,O
DyPaO3,Dy,Pa,O
DyRhO3,Dy,Rh,O
DySbO3,Dy,Sb,O
DyScO3,Dy,Sc,O
DyScS3,Dy,Sc,S
DySeO3,Dy,Se,O
DySnO3,Dy,Sn,O
DyTiO3,Dy,Ti,O
DyTmO3,Dy,Tm,O
DyVO3,Dy,V,O
DyYO3,Dy,Y,O
ErAlO3,Er,Al,O
ErBeO3,Er,Be,O
ErBiO3,Er,Bi,O
ErBO3,Er,B,O
ErCoO3,Er,Co,O
ErCrO3,Er,Cr,O
ErCuO3,Er,Cu,O
ErFeO3,Er,Fe,O
ErGaO3,Er,Ga,O
ErInO3,Er,In,O
ErIrO3,Er,Ir,O
ErLuO3,Er,Lu,O
ErMgS3,Er,Mg,S
ErMgSe3,Er,Mg,Se
ErMnO3,Er,Mn,O
ErNiO3,Er,Ni,O
ErRhO3,Er,Rh,O
ErScO3,Er,Sc,O
ErTaO3,Er,Ta,O
ErTiO3,Er,Ti,O
ErTlO3,Er,Tl,O
ErVO3,Er,V,O
ErZnO3,Er,Zn,O
EuAgO3,Eu,Ag,O
EuAlO3,Eu,Al,O
EuAsO3,Eu,As,O
EuAuO3,Eu,Au,O
EuBeO3,Eu,Be,O
EuBO3,Eu,B,O
EuCdO3,Eu,Cd,O
EuCO3,Eu,C,O
EuCoO3,Eu,Co,O
EuCrO3,Eu,Cr,O
EuCuO3,Eu,Cu,O
EuErO3,Eu,Er,O
EuFeO3,Eu,Fe,O
EuGaO3,Eu,Ga,O
EuGeO3,Eu,Ge,O
EuGeS3,Eu,Ge,S
EuPdH3,Eu,Pd,H
EuHfO3,Eu,Hf,O
EuHfS3,Eu,Hf,S
EuInO3,Eu,In,O
EuIrO3,Eu,Ir,O
EuLuO3,Eu,Lu,O
EuMgO3,Eu,Mg,O
EuMnO3,Eu,Mn,O
EuMoO3,Eu,Mo,O
EuNbO3,Eu,Nb,O
EuNiO3,Eu,Ni,O
EuNpO3,Eu,Np,O
EuOsO3,Eu,Os,O
EuPbO3,Eu,Pb,O
EuPdO3,Eu,Pd,O
EuPS3,Eu,P,S
EuPSe3,Eu,P,Se
EuPtO3,Eu,Pt,O
EuReO3,Eu,Re,O
EuRhO3,Eu,Rh,O
EuRuO3,Eu,Ru,O
EuSbO3,Eu,Sb,O
EuScO3,Eu,Sc,O
EuSeO3,Eu,Se,O
EuSiO3,Eu,Si,O
EuSnO3,Eu,Sn,O
EuTcO3,Eu,Tc,O
EuTiO3,Eu,Ti,O
EuTmO3,Eu,Tm,O
EuUO3,Eu,U,O
EuVO3,Eu,V,O
EuWO3,Eu,W,O
EuZrO3,Eu,Zr,O
EuZrS3,Eu,Zr,S
EuZrSe3,Eu,Zr,Se
FeAgO3,Fe,Ag,O
FeAsO3,Fe,As,O
FeBiO3,Fe,Bi,O
FeBO3,Fe,B,O
FeCO3,Fe,C,O
FeGeO3,Fe,Ge,O
FeGeS3,Fe,Ge,S
FeNiO3,Fe,Ni,O
FePbO3,Fe,Pb,O
FePS3,Fe,P,S
FePSe3,Fe,P,Se
FeRhO3,Fe,Rh,O
FeSiO3,Fe,Si,O
FeSnO3,Fe,Sn,O
FeSO3,Fe,S,O
GaBiO3,Ga,Bi,O
GaBO3,Ga,B,O
GaCuBr3,Ga,Cu,Br
GaFeO3,Ga,Fe,O
GaGeO3,Ga,Ge,O
GaMoN3,Ga,Mo,N
GaNiO3,Ga,Ni,O
GaSiO3,Ga,Si,O
GaSnO3,Ga,Sn,O
GdAlO3,Gd,Al,O
GdAsO3,Gd,As,O
GdBeO3,Gd,Be,O
GdBO3,Gd,B,O
GdCdO3,Gd,Cd,O
GdCoO3,Gd,Co,O
GdCrO3,Gd,Cr,O
GdCuO3,Gd,Cu,O
GdErO3,Gd,Er,O
GdFeO3,Gd,Fe,O
GdGaO3,Gd,Ga,O
GdInO3,Gd,In,O
GdLuO3,Gd,Lu,O
GdMnO3,Gd,Mn,O
GdNiO3,Gd,Ni,O
GdRhO3,Gd,Rh,O
GdScO3,Gd,Sc,O
GdScS3,Gd,Sc,S
GdSiO3,Gd,Si,O
GdThO3,Gd,Th,O
GdTiO3,Gd,Ti,O
GdTmO3,Gd,Tm,O
GdVO3,Gd,V,O
GdZrO3,Gd,Zr,O
GeBiO3,Ge,Bi,O
GeBO3,Ge,B,O
GeClH3,Ge,Cl,H
GePbO3,Ge,Pb,O
GePbS3,Ge,Pb,S
GePdO3,Ge,Pd,O
GePdS3,Ge,Pd,S
CBrH3,C,Br,H
CClH3,C,Cl,H
CIH3,C,I,H
CSH3,C,S,H
CSeH3,C,Se,H
HfBeO3,Hf,Be,O
HfBO3,Hf,B,O
HfCdO3,Hf,Cd,O
HfCoO3,Hf,Co,O
HfCrO3,Hf,Cr,O
HfFeO3,Hf,Fe,O
HfMgO3,Hf,Mg,O
HfMnO3,Hf,Mn,O
HfNiO3,Hf,Ni,O
HfNpO3,Hf,Np,O
HfPbO3,Hf,Pb,O
HfPbS3,Hf,Pb,S
HfSnO3,Hf,Sn,O
HfSnS3,Hf,Sn,S
HfThO3,Hf,Th,O
HfZnO3,Hf,Zn,O
HoAlO3,Ho,Al,O
HoBeO3,Ho,Be,O
HoBiO3,Ho,Bi,O
HoBO3,Ho,B,O
HoCoO3,Ho,Co,O
HoCrO3,Ho,Cr,O
HoCuO3,Ho,Cu,O
HoErO3,Ho,Er,O
HoFeO3,Ho,Fe,O
HoGaO3,Ho,Ga,O
HoGeO3,Ho,Ge,O
HoInO3,Ho,In,O
HoLuO3,Ho,Lu,O
HoMgS3,Ho,Mg,S
HoMgSe3,Ho,Mg,Se
HoMnO3,Ho,Mn,O
HoNiO3,Ho,Ni,O
HoRhO3,Ho,Rh,O
HoSbO3,Ho,Sb,O
HoScO3,Ho,Sc,O
HoSiO3,Ho,Si,O
HoSnO3,Ho,Sn,O
HoTiO3,Ho,Ti,O
HoTmO3,Ho,Tm,O
HoVO3,Ho,V,O
InAsO3,In,As,O
InBiO3,In,Bi,O
InBiS3,In,Bi,S
InBiSe3,In,Bi,Se
InBO3,In,B,O
InCoO3,In,Co,O
InCuO3,In,Cu,O
InFeBr3,In,Fe,Br
InFeO3,In,Fe,O
InGaO3,In,Ga,O
InGaS3,In,Ga,S
InGaSe3,In,Ga,Se
InGeCl3,In,Ge,Cl
InOsO3,In,Os,O
InPbCl3,In,Pb,Cl
InPF3,In,P,F
InPtO3,In,Pt,O
InRhO3,In,Rh,O
InSbO3,In,Sb,O
InSbS3,In,Sb,S
InSbSe3,In,Sb,Se
InSiO3,In,Si,O
InSnBr3,In,Sn,Br
InSnCl3,In,Sn,Cl
KAcO3,K,Ac,O
KAgBr3,K,Ag,Br
KAgCl3,K,Ag,Cl
KAgF3,K,Ag,F
KAgO3,K,Ag,O
KAlH3,K,Al,H
KAlO3,K,Al,O
KAsO3,K,As,O
KAuBr3,K,Au,Br
KAuCl3,K,Au,Cl
KAuF3,K,Au,F
KAuI3,K,Au,I
KAuO3,K,Au,O
KBaN3,K,Ba,N
KBaO3,K,Ba,O
KBeF3,K,Be,F
KBeH3,K,Be,H
KBeO3,K,Be,O
KBiO3,K,Bi,O
KBrO3,K,Br,O
KCaBr3,K,Ca,Br
KCaCl3,K,Ca,Cl
KCaF3,K,Ca,F
KCaH3,K,Ca,H
KCaI3,K,Ca,I
KCaO3,K,Ca,O
KCdCl3,K,Cd,Cl
KCdF3,K,Cd,F
KCdN3,K,Cd,N
KCdO3,K,Cd,O
KClO3,K,Cl,O
KCO3,K,C,O
KCoCl3,K,Co,Cl
KCoF3,K,Co,F
KCoO3,K,Co,O
KCrCl3,K,Cr,Cl
KCrF3,K,Cr,F
KCrO3,K,Cr,O
KCuCl3,K,Cu,Cl
KCuF3,K,Cu,F
KCuH3,K,Cu,H
KCuS3,K,Cu,S
KDyBr3,K,Dy,Br
KDyI3,K,Dy,I
KDyO3,K,Dy,O
KErO3,K,Er,O
KFeBr3,K,Fe,Br
KFeCl3,K,Fe,Cl
KFeF3,K,Fe,F
KFeI3,K,Fe,I
KFeO3,K,Fe,O
KGdO3,K,Gd,O
KGeBr3,K,Ge,Br
KGeCl3,K,Ge,Cl
KHfO3,K,Hf,O
KHoO3,K,Ho,O
KInBr3,K,In,Br
KInCl3,K,In,Cl
KInF3,K,In,F
KInI3,K,In,I
KInO3,K,In,O
KIO3,K,I,O
KIrO3,K,Ir,O
KLiO3,K,Li,O
KLuO3,K,Lu,O
KMgCl3,K,Mg,Cl
KMgF3,K,Mg,F
KMgH3,K,Mg,H
KMgO3,K,Mg,O
KMnBr3,K,Mn,Br
KMnCl3,K,Mn,Cl
KMnF3,K,Mn,F
KMnO3,K,Mn,O
KMoO3,K,Mo,O
KNaO3,K,Na,O
KNbO3,K,Nb,O
KNiCl3,K,Ni,Cl
KNiF3,K,Ni,F
KNpO3,K,Np,O
KOsO3,K,Os,O
KPaO3,K,Pa,O
KPbI3,K,Pb,I
KPbO3,K,Pb,O
KPdF3,K,Pd,F
KPdO3,K,Pd,O
KPO3,K,P,O
KPS3,K,P,S
KPSe3,K,P,Se
KPtO3,K,Pt,O
KPuO3,K,Pu,O
KRbO3,K,Rb,O
KReO3,K,Re,O
KRhO3,K,Rh,O
KRuO3,K,Ru,O
KSbO3,K,Sb,O
KScO3,K,Sc,O
KSiH3,K,Si,H
KSiO3,K,Si,O
KSnBr3,K,Sn,Br
KSnF3,K,Sn,F
KSnI3,K,Sn,I
KSnN3,K,Sn,N
KSO3,K,S,O
KSrI3,K,Sr,I
KSrO3,K,Sr,O
KTaO3,K,Ta,O
KTbO3,K,Tb,O
KTcCl3,K,Tc,Cl
KTcO3,K,Tc,O
KTiBr3,K,Ti,Br
KTiCl3,K,Ti,Cl
KTiI3,K,Ti,I
KTiO3,K,Ti,O
KTlBr3,K,Tl,Br
KTlCl3,K,Tl,Cl
KTlF3,K,Tl,F
KTlI3,K,Tl,I
KTlO3,K,Tl,O
KTmBr3,K,Tm,Br
KTmI3,K,Tm,I
KTmO3,K,Tm,O
KUO3,K,U,O
KVCl3,K,V,Cl
KVF3,K,V,F
KVO3,K,V,O
KWO3,K,W,O
KYbBr3,K,Yb,Br
KYbI3,K,Yb,I
KYbO3,K,Yb,O
KYO3,K,Y,O
KZnF3,K,Zn,F
KZnO3,K,Zn,O
KZrO3,K,Zr,O
LaAgO3,La,Ag,O
LaAlO3,La,Al,O
LaAsO3,La,As,O
LaAuO3,La,Au,O
LaBeO3,La,Be,O
LaBiO3,La,Bi,O
LaBO3,La,B,O
LaCdO3,La,Cd,O
LaCoN3,La,Co,N
LaCoO3,La,Co,O
LaCrN3,La,Cr,N
LaCrO3,La,Cr,O
LaCrS3,La,Cr,S
LaCrSe3,La,Cr,Se
LaCuO3,La,Cu,O
LaDyO3,La,Dy,O
LaErO3,La,Er,O
LaErS3,La,Er,S
LaFeO3,La,Fe,O
LaGaO3,La,Ga,O
LaGaS3,La,Ga,S
LaHoO3,La,Ho,O
LaHoS3,La,Ho,S
LaInO3,La,In,O
LaIO3,La,I,O
LaLuO3,La,Lu,O
LaLuS3,La,Lu,S
LaMgO3,La,Mg,O
LaMgS3,La,Mg,S
LaMgSe3,La,Mg,Se
LaMnN3,La,Mn,N
LaMnO3,La,Mn,O
LaMoN3,La,Mo,N
LaNiO3,La,Ni,O
LaOsN3,La,Os,N
LaPdO3,La,Pd,O
LaPtO3,La,Pt,O
LaReN3,La,Re,N
LaRhO3,La,Rh,O
LaRuO3,La,Ru,O
LaSbSe3,La,Sb,Se
LaScO3,La,Sc,O
LaScS3,La,Sc,S
LaSmO3,La,Sm,O
LaSnO3,La,Sn,O
LaTaN3,La,Ta,N
LaTaO3,La,Ta,O
LaTcN3,La,Tc,N
LaTiO3,La,Ti,O
LaTiS3,La,Ti,S
LaTlO3,La,Tl,O
LaTmO3,La,Tm,O
LaTmS3,La,Tm,S
LaVN3,La,V,N
LaVO3,La,V,O
LaVS3,La,V,S
LaWN3,La,W,N
LaYbO3,La,Yb,O
LaYbS3,La,Yb,S
LaYbSe3,La,Yb,Se
LaYO3,La,Y,O
LaYS3,La,Y,S
LaZnO3,La,Zn,O
LaZrO3,La,Zr,O
LiAcO3,Li,Ac,O
LiAgF3,Li,Ag,F
LiAlO3,Li,Al,O
LiAsO3,Li,As,O
LiBeH3,Li,Be,H
LiBeO3,Li,Be,O
LiBiO3,Li,Bi,O
LiBO3,Li,B,O
LiBrO3,Li,Br,O
LiCaF3,Li,Ca,F
LiCaH3,Li,Ca,H
LiCaO3,Li,Ca,O
LiCdO3,Li,Cd,O
LiCeO3,Li,Ce,O
LiCoF3,Li,Co,F
LiCrO3,Li,Cr,O
LiCuF3,Li,Cu,F
LiDyO3,Li,Dy,O
LiErO3,Li,Er,O
LiEuH3,Li,Eu,H
LiEuO3,Li,Eu,O
LiFeF3,Li,Fe,F
LiFeO3,Li,Fe,O
LiGaBr3,Li,Ga,Br
LiGaCl3,Li,Ga,Cl
LiGaI3,Li,Ga,I
LiGdO3,Li,Gd,O
LiGeO3,Li,Ge,O
LiHoO3,Li,Ho,O
LiIO3,Li,I,O
LiLaO3,Li,La,O
LiLuO3,Li,Lu,O
LiMgH3,Li,Mg,H
LiMgO3,Li,Mg,O
LiMnF3,Li,Mn,F
LiMnO3,Li,Mn,O
LiNbO3,Li,Nb,O
LiNdO3,Li,Nd,O
LiNiF3,Li,Ni,F
LiNiO3,Li,Ni,O
LiOsO3,Li,Os,O
LiPaO3,Li,Pa,O
LiPmO3,Li,Pm,O
LiPO3,Li,P,O
LiPrO3,Li,Pr,O
LiReO3,Li,Re,O
LiRuO3,Li,Ru,O
LiSbO3,Li,Sb,O
LiScI3,Li,Sc,I
LiSeO3,Li,Se,O
LiSiO3,Li,Si,O
LiSmO3,Li,Sm,O
LiSnCl3,Li,Sn,Cl
LiTaO3,Li,Ta,O
LiTcO3,Li,Tc,O
LiTiCl3,Li,Ti,Cl
LiTmO3,Li,Tm,O
LiUO3,Li,U,O
LiVF3,Li,V,F
LiVO3,Li,V,O
LiVS3,Li,V,S
LiYbO3,Li,Yb,O
LiYO3,Li,Y,O
LuAlO3,Lu,Al,O
LuBiO3,Lu,Bi,O
LuBO3,Lu,B,O
LuCoO3,Lu,Co,O
LuCrO3,Lu,Cr,O
LuFeO3,Lu,Fe,O
LuGaO3,Lu,Ga,O
LuGeO3,Lu,Ge,O
LuMgSe3,Lu,Mg,Se
LuMnO3,Lu,Mn,O
LuNiO3,Lu,Ni,O
LuNpO3,Lu,Np,O
LuPdO3,Lu,Pd,O
LuReO3,Lu,Re,O
LuRhO3,Lu,Rh,O
LuScO3,Lu,Sc,O
LuSeO3,Lu,Se,O
LuSiO3,Lu,Si,O
LuTiO3,Lu,Ti,O
LuTlO3,Lu,Tl,O
LuUO3,Lu,U,O
LuVO3,Lu,V,O
MgAgF3,Mg,Ag,F
MgAlO3,Mg,Al,O
MgBeO3,Mg,Be,O
MgBiO3,Mg,Bi,O
MgBO3,Mg,B,O
MgCO3,Mg,C,O
MgCoO3,Mg,Co,O
MgCrO3,Mg,Cr,O
MgCuO3,Mg,Cu,O
MgFeO3,Mg,Fe,O
MgGeO3,Mg,Ge,O
MgInBr3,Mg,In,Br
MgInO3,Mg,In,O
MgInS3,Mg,In,S
MgInSe3,Mg,In,Se
MgIrO3,Mg,Ir,O
MgMnO3,Mg,Mn,O
MgMoO3,Mg,Mo,O
MgNiH3,Mg,Ni,H
MgOsO3,Mg,Os,O
MgPbO3,Mg,Pb,O
MgPS3,Mg,P,S
MgPSe3,Mg,P,Se
MgReO3,Mg,Re,O
MgRhO3,Mg,Rh,O
MgRuO3,Mg,Ru,O
MgSbO3,Mg,Sb,O
MgScS3,Mg,Sc,S
MgScSe3,Mg,Sc,Se
MgSeO3,Mg,Se,O
MgSiO3,Mg,Si,O
MgSnO3,Mg,Sn,O
MgSO3,Mg,S,O
MgTiO3,Mg,Ti,O
MgTlCl3,Mg,Tl,Cl
MgTlF3,Mg,Tl,F
MgTlO3,Mg,Tl,O
MgUO3,Mg,U,O
MgVO3,Mg,V,O
MgVS3,Mg,V,S
MgWO3,Mg,W,O
MgZnO3,Mg,Zn,O
MgZrO3,Mg,Zr,O
MnAgF3,Mn,Ag,F
MnAgO3,Mn,Ag,O
MnAlO3,Mn,Al,O
MnBiO3,Mn,Bi,O
MnBO3,Mn,B,O
MnCdO3,Mn,Cd,O
MnClO3,Mn,Cl,O
MnCO3,Mn,C,O
MnCoO3,Mn,Co,O
MnCuO3,Mn,Cu,O
MnFeO3,Mn,Fe,O
MnGaO3,Mn,Ga,O
MnGeO3,Mn,Ge,O
MnInBr3,Mn,In,Br
MnInF3,Mn,In,F
MnInO3,Mn,In,O
MnNiO3,Mn,Ni,O
MnPbO3,Mn,Pb,O
MnPO3,Mn,P,O
MnPS3,Mn,P,S
MnPSe3,Mn,P,Se
MnSeO3,Mn,Se,O
MnSiO3,Mn,Si,O
MnSnO3,Mn,Sn,O
MnSO3,Mn,S,O
MnTlCl3,Mn,Tl,Cl
MnTlF3,Mn,Tl,F
MnTlI3,Mn,Tl,I
MnTlO3,Mn,Tl,O
MnVO3,Mn,V,O
MnZnO3,Mn,Zn,O
MoPbO3,Mo,Pb,O
MoRuN3,Mo,Ru,N
MoWN3,Mo,W,N
NaAgO3,Na,Ag,O
NaAlO3,Na,Al,O
NaAsO3,Na,As,O
NaBeH3,Na,Be,H
NaBeO3,Na,Be,O
NaBiO3,Na,Bi,O
NaBrO3,Na,Br,O
NaCaH3,Na,Ca,H
NaCaN3,Na,Ca,N
NaCaO3,Na,Ca,O
NaCdF3,Na,Cd,F
NaCdO3,Na,Cd,O
NaClO3,Na,Cl,O
NaCO3,Na,C,O
NaCoF3,Na,Co,F
NaCoO3,Na,Co,O
NaCrO3,Na,Cr,O
NaCuF3,Na,Cu,F
NaFeF3,Na,Fe,F
NaFeO3,Na,Fe,O
NaGeO3,Na,Ge,O
NaInO3,Na,In,O
NaIO3,Na,I,O
NaIrO3,Na,Ir,O
NaLiO3,Na,Li,O
NaMgF3,Na,Mg,F
NaMgH3,Na,Mg,H
NaMgO3,Na,Mg,O
NaMnCl3,Na,Mn,Cl
NaMnF3,Na,Mn,F
NaMoO3,Na,Mo,O
NaNbO3,Na,Nb,O
NaNiF3,Na,Ni,F
NaNiO3,Na,Ni,O
NaOsO3,Na,Os,O
NaPaO3,Na,Pa,O
NaPbO3,Na,Pb,O
NaPdF3,Na,Pd,F
NaPdO3,Na,Pd,O
NaPF3,Na,P,F
NaPO3,Na,P,O
NaPS3,Na,P,S
NaPuO3,Na,Pu,O
NaReO3,Na,Re,O
NaRuO3,Na,Ru,O
NaSbO3,Na,Sb,O
NaSeO3,Na,Se,O
NaSiO3,Na,Si,O
NaSrO3,Na,Sr,O
NaTaO3,Na,Ta,O
NaTcO3,Na,Tc,O
NaTiF3,Na,Ti,F
NaTiO3,Na,Ti,O
NaUO3,Na,U,O
NaVF3,Na,V,F
NaVO3,Na,V,O
NaWO3,Na,W,O
NaYbO3,Na,Yb,O
NaZnF3,Na,Zn,F
NaZnO3,Na,Zn,O
NbAgO3,Nb,Ag,O
NbBiO3,Nb,Bi,O
NbCrN3,Nb,Cr,N
NbCuO3,Nb,Cu,O
NbFeO3,Nb,Fe,O
NbMoN3,Nb,Mo,N
NbMoS3,Nb,Mo,S
NbMoSe3,Nb,Mo,Se
NbSeBr3,Nb,Se,Br
NbSeCl3,Nb,Se,Cl
NbSeI3,Nb,Se,I
NbTlO3,Nb,Tl,O
NbWN3,Nb,W,N
NdAlO3,Nd,Al,O
NdBeO3,Nd,Be,O
NdBiO3,Nd,Bi,O
NdBO3,Nd,B,O
NdBS3,Nd,B,S
NdCoO3,Nd,Co,O
NdCrO3,Nd,Cr,O
NdCrS3,Nd,Cr,S
NdCrSe3,Nd,Cr,Se
NdCuO3,Nd,Cu,O
NdFeO3,Nd,Fe,O
NdGaO3,Nd,Ga,O
NdGeO3,Nd,Ge,O
NdInO3,Nd,In,O
NdLuO3,Nd,Lu,O
NdLuS3,Nd,Lu,S
NdLuSe3,Nd,Lu,Se
NdMgO3,Nd,Mg,O
NdMgS3,Nd,Mg,S
NdMgSe3,Nd,Mg,Se
NdMnO3,Nd,Mn,O
NdNiO3,Nd,Ni,O
NdNpO3,Nd,Np,O
NdReO3,Nd,Re,O
NdRhO3,Nd,Rh,O
NdSbO3,Nd,Sb,O
NdScO3,Nd,Sc,O
NdScS3,Nd,Sc,S
NdTaO3,Nd,Ta,O
NdTiO3,Nd,Ti,O
NdTmS3,Nd,Tm,S
NdVO3,Nd,V,O
NdZrO3,Nd,Zr,O
NiAgF3,Ni,Ag,F
NiAsO3,Ni,As,O
NiBiO3,Ni,Bi,O
NiCO3,Ni,C,O
NiMoN3,Ni,Mo,N
NiMoO3,Ni,Mo,O
NiPbO3,Ni,Pb,O
NiPdO3,Ni,Pd,O
NiPS3,Ni,P,S
NiPSe3,Ni,P,Se
NiPtO3,Ni,Pt,O
NiRuO3,Ni,Ru,O
NiSbO3,Ni,Sb,O
NiSeO3,Ni,Se,O
NiSnO3,Ni,Sn,O
NpAlO3,Np,Al,O
NpBeO3,Np,Be,O
NpBO3,Np,B,O
NpMoO3,Np,Mo,O
NpOsO3,Np,Os,O
NpRuO3,Np,Ru,O
NpSiO3,Np,Si,O
NpSnO3,Np,Sn,O
NpTaO3,Np,Ta,O
NpTcO3,Np,Tc,O
NpTiO3,Np,Ti,O
OsPbO3,Os,Pb,O
PaAgO3,Pa,Ag,O
PaBeO3,Pa,Be,O
PaBO3,Pa,B,O
PaCoO3,Pa,Co,O
PaOsO3,Pa,Os,O
PaSiO3,Pa,Si,O
PaTaO3,Pa,Ta,O
PaTlO3,Pa,Tl,O
PbAuO3,Pb,Au,O
PbCO3,Pb,C,O
PbSeO3,Pb,Se,O
PbSO3,Pb,S,O
PCF3,P,C,F
PdSeO3,Pd,Se,O
PmBeO3,Pm,Be,O
PmErO3,Pm,Er,O
PmEuO3,Pm,Eu,O
PmInO3,Pm,In,O
PmMgO3,Pm,Mg,O
PmMgS3,Pm,Mg,S
PmMgSe3,Pm,Mg,Se
PmRuO3,Pm,Ru,O
PmTiO3,Pm,Ti,O
PmWO3,Pm,W,O
PPbO3,P,Pb,O
PPbS3,P,Pb,S
PPbSe3,P,Pb,Se
PrAlO3,Pr,Al,O
PrBeO3,Pr,Be,O
PrBiO3,Pr,Bi,O
PrBO3,Pr,B,O
PrBS3,Pr,B,S
PrCoO3,Pr,Co,O
PrCrO3,Pr,Cr,O
PrCrSe3,Pr,Cr,Se
PrCuO3,Pr,Cu,O
PrErS3,Pr,Er,S
PrFeO3,Pr,Fe,O
PrGaO3,Pr,Ga,O
PrHfO3,Pr,Hf,O
PrInO3,Pr,In,O
PrLuO3,Pr,Lu,O
PrLuS3,Pr,Lu,S
PrLuSe3,Pr,Lu,Se
PrMgS3,Pr,Mg,S
PrMgSe3,Pr,Mg,Se
PrMnO3,Pr,Mn,O
PrNbO3,Pr,Nb,O
PrNiO3,Pr,Ni,O
PrPbO3,Pr,Pb,O
PrRhO3,Pr,Rh,O
PrRuO3,Pr,Ru,O
PrScO3,Pr,Sc,O
PrScS3,Pr,Sc,S
PrTiO3,Pr,Ti,O
PrTlO3,Pr,Tl,O
PrTmS3,Pr,Tm,S
PrVO3,Pr,V,O
PuBO3,Pu,B,O
PuCrO3,Pu,Cr,O
PuCuO3,Pu,Cu,O
PuGaO3,Pu,Ga,O
PuInO3,Pu,In,O
PuIrO3,Pu,Ir,O
PuMgO3,Pu,Mg,O
PuNiO3,Pu,Ni,O
PuPbO3,Pu,Pb,O
PuPtO3,Pu,Pt,O
PuSbO3,Pu,Sb,O
PuTiO3,Pu,Ti,O
PuTlO3,Pu,Tl,O
PuVO3,Pu,V,O
RbAcO3,Rb,Ac,O
RbAgBr3,Rb,Ag,Br
RbAgCl3,Rb,Ag,Cl
RbAgF3,Rb,Ag,F
RbAgO3,Rb,Ag,O
RbAlO3,Rb,Al,O
RbAsO3,Rb,As,O
RbAuBr3,Rb,Au,Br
RbAuCl3,Rb,Au,Cl
RbAuF3,Rb,Au,F
RbAuI3,Rb,Au,I
RbAuO3,Rb,Au,O
RbBaN3,Rb,Ba,N
RbBaO3,Rb,Ba,O
RbBeH3,Rb,Be,H
RbBeN3,Rb,Be,N
RbBeO3,Rb,Be,O
RbBiF3,Rb,Bi,F
RbBiO3,Rb,Bi,O
RbBO3,Rb,B,O
RbBrO3,Rb,Br,O
RbBS3,Rb,B,S
RbBSe3,Rb,B,Se
RbCaBr3,Rb,Ca,Br
RbCaCl3,Rb,Ca,Cl
RbCaF3,Rb,Ca,F
RbCaH3,Rb,Ca,H
RbCaI3,Rb,Ca,I
RbCaO3,Rb,Ca,O
RbCdBr3,Rb,Cd,Br
RbCdCl3,Rb,Cd,Cl
RbCdF3,Rb,Cd,F
RbCdN3,Rb,Cd,N
RbCdO3,Rb,Cd,O
RbClO3,Rb,Cl,O
RbCO3,Rb,C,O
RbCoBr3,Rb,Co,Br
RbCoCl3,Rb,Co,Cl
RbCoF3,Rb,Co,F
RbCrCl3,Rb,Cr,Cl
RbCrI3,Rb,Cr,I
RbCrO3,Rb,Cr,O
RbCuBr3,Rb,Cu,Br
RbCuCl3,Rb,Cu,Cl
RbCuF3,Rb,Cu,F
RbCuO3,Rb,Cu,O
RbCuS3,Rb,Cu,S
RbDyBr3,Rb,Dy,Br
RbDyI3,Rb,Dy,I
RbDyO3,Rb,Dy,O
RbErO3,Rb,Er,O
RbEuCl3,Rb,Eu,Cl
RbFeCl3,Rb,Fe,Cl
RbFeF3,Rb,Fe,F
RbFeO3,Rb,Fe,O
RbGdO3,Rb,Gd,O
RbGeBr3,Rb,Ge,Br
RbGeCl3,Rb,Ge,Cl
RbGeI3,Rb,Ge,I
RbGeO3,Rb,Ge,O
RbHoO3,Rb,Ho,O
RbInBr3,Rb,In,Br
RbInCl3,Rb,In,Cl
RbInF3,Rb,In,F
RbInH3,Rb,In,H
RbInI3,Rb,In,I
RbInO3,Rb,In,O
RbIO3,Rb,I,O
RbIrO3,Rb,Ir,O
RbLiO3,Rb,Li,O
RbMgCl3,Rb,Mg,Cl
RbMgF3,Rb,Mg,F
RbMgH3,Rb,Mg,H
RbMgO3,Rb,Mg,O
RbMnBr3,Rb,Mn,Br
RbMnCl3,Rb,Mn,Cl
RbMnF3,Rb,Mn,F
RbMnO3,Rb,Mn,O
RbMoO3,Rb,Mo,O
RbNaO3,Rb,Na,O
RbNbO3,Rb,Nb,O
RbNiBr3,Rb,Ni,Br
RbNiCl3,Rb,Ni,Cl
RbNiF3,Rb,Ni,F
RbNiO3,Rb,Ni,O
RbNpO3,Rb,Np,O
RbOsO3,Rb,Os,O
RbPaO3,Rb,Pa,O
RbPbBr3,Rb,Pb,Br
RbPbCl3,Rb,Pb,Cl
RbPbF3,Rb,Pb,F
RbPbI3,Rb,Pb,I
RbPdBr3,Rb,Pd,Br
RbPdCl3,Rb,Pd,Cl
RbPdF3,Rb,Pd,F
RbPdO3,Rb,Pd,O
RbPO3,Rb,P,O
RbPS3,Rb,P,S
RbPSe3,Rb,P,Se
RbPtO3,Rb,Pt,O
RbPuO3,Rb,Pu,O
RbReO3,Rb,Re,O
RbRhO3,Rb,Rh,O
RbRuO3,Rb,Ru,O
RbSbO3,Rb,Sb,O
RbScBr3,Rb,Sc,Br
RbScCl3,Rb,Sc,Cl
RbSeBr3,Rb,Se,Br
RbSeO3,Rb,Se,O
RbSmI3,Rb,Sm,I
RbSmO3,Rb,Sm,O
RbSnBr3,Rb,Sn,Br
RbSnCl3,Rb,Sn,Cl
RbSnF3,Rb,Sn,F
RbSnI3,Rb,Sn,I
RbSnO3,Rb,Sn,O
RbSO3,Rb,S,O
RbSrCl3,Rb,Sr,Cl
RbSrI3,Rb,Sr,I
RbSrO3,Rb,Sr,O
RbTaO3,Rb,Ta,O
RbTbO3,Rb,Tb,O
RbTiBr3,Rb,Ti,Br
RbTiCl3,Rb,Ti,Cl
RbTiI3,Rb,Ti,I
RbTlBr3,Rb,Tl,Br
RbTlCl3,Rb,Tl,Cl
RbTlF3,Rb,Tl,F
RbTlI3,Rb,Tl,I
RbTlO3,Rb,Tl,O
RbTmBr3,Rb,Tm,Br
RbTmI3,Rb,Tm,I
RbTmO3,Rb,Tm,O
RbUO3,Rb,U,O
RbVBr3,Rb,V,Br
RbVCl3,Rb,V,Cl
RbVF3,Rb,V,F
RbVI3,Rb,V,I
RbVO3,Rb,V,O
RbWO3,Rb,W,O
RbYbBr3,Rb,Yb,Br
RbYbF3,Rb,Yb,F
RbYbI3,Rb,Yb,I
RbYbO3,Rb,Yb,O
RbYO3,Rb,Y,O
RbZnF3,Rb,Zn,F
RbZnO3,Rb,Zn,O
ReBiO3,Re,Bi,O
ReClO3,Re,Cl,O
ReMoN3,Re,Mo,N
ReSbO3,Re,Sb,O
ReWN3,Re,W,N
RhWN3,Rh,W,N
RuPbO3,Ru,Pb,O
SbAsO3,Sb,As,O
SbAuO3,Sb,Au,O
SbPbO3,Sb,Pb,O
SbPdO3,Sb,Pd,O
ScAgO3,Sc,Ag,O
ScAlO3,Sc,Al,O
ScAsO3,Sc,As,O
ScBiO3,Sc,Bi,O
ScBO3,Sc,B,O
ScCoO3,Sc,Co,O
ScCrO3,Sc,Cr,O
ScCuO3,Sc,Cu,O
ScFeO3,Sc,Fe,O
ScGaO3,Sc,Ga,O
ScInO3,Sc,In,O
ScMnO3,Sc,Mn,O
ScMoN3,Sc,Mo,N
ScPdO3,Sc,Pd,O
ScRhO3,Sc,Rh,O
ScSiO3,Sc,Si,O
ScSnO3,Sc,Sn,O
ScTiO3,Sc,Ti,O
ScTlO3,Sc,Tl,O
ScUS3,Sc,U,S
ScVO3,Sc,V,O
ScWN3,Sc,W,N
SiAgO3,Si,Ag,O
SiBiO3,Si,Bi,O
SiBO3,Si,B,O
SiCCl3,Si,C,Cl
SiGeO3,Si,Ge,O
SiMoO3,Si,Mo,O
SiPbO3,Si,Pb,O
SiPdO3,Si,Pd,O
SiPN3,Si,P,N
SiSnO3,Si,Sn,O
SmAgO3,Sm,Ag,O
SmAlO3,Sm,Al,O
SmBeO3,Sm,Be,O
SmBiS3,Sm,Bi,S
SmBO3,Sm,B,O
SmBS3,Sm,B,S
SmCoO3,Sm,Co,O
SmCrO3,Sm,Cr,O
SmCrS3,Sm,Cr,S
SmCuO3,Sm,Cu,O
SmDyO3,Sm,Dy,O
SmErO3,Sm,Er,O
SmFeO3,Sm,Fe,O
SmGaO3,Sm,Ga,O
SmGdS3,Sm,Gd,S
SmGeO3,Sm,Ge,O
SmHoO3,Sm,Ho,O
SmInO3,Sm,In,O
SmLuO3,Sm,Lu,O
SmLuSe3,Sm,Lu,Se
SmMgS3,Sm,Mg,S
SmMgSe3,Sm,Mg,Se
SmMnO3,Sm,Mn,O
SmNiO3,Sm,Ni,O
SmPuO3,Sm,Pu,O
SmRhO3,Sm,Rh,O
SmSbO3,Sm,Sb,O
SmScO3,Sm,Sc,O
SmScS3,Sm,Sc,S
SmSiO3,Sm,Si,O
SmTiO3,Sm,Ti,O
SmTlO3,Sm,Tl,O
SmTmO3,Sm,Tm,O
SmVO3,Sm,V,O
SmYO3,Sm,Y,O
SnBO3,Sn,B,O
SnCCl3,Sn,C,Cl
SnGeO3,Sn,Ge,O
SnGeS3,Sn,Ge,S
SnPbO3,Sn,Pb,O
SnPbS3,Sn,Pb,S
SnPO3,Sn,P,O
SnPS3,Sn,P,S
SnPSe3,Sn,P,Se
SrAgO3,Sr,Ag,O
SrAlH3,Sr,Al,H
SrAlO3,Sr,Al,O
SrAsO3,Sr,As,O
SrAuO3,Sr,Au,O
SrBeO3,Sr,Be,O
SrBiO3,Sr,Bi,O
SrBiSe3,Sr,Bi,Se
SrBO3,Sr,B,O
SrCaO3,Sr,Ca,O
SrCeO3,Sr,Ce,O
SrCO3,Sr,C,O
SrCoO3,Sr,Co,O
SrCrO3,Sr,Cr,O
SrCuO3,Sr,Cu,O
SrDyO3,Sr,Dy,O
SrErO3,Sr,Er,O
SrEuO3,Sr,Eu,O
SrFeO3,Sr,Fe,O
SrGeO3,Sr,Ge,O
SrPdH3,Sr,Pd,H
SrHfO3,Sr,Hf,O
SrHfS3,Sr,Hf,S
SrHoO3,Sr,Ho,O
SrInO3,Sr,In,O
SrIrO3,Sr,Ir,O
SrLiH3,Sr,Li,H
SrLiO3,Sr,Li,O
SrMgO3,Sr,Mg,O
SrMnO3,Sr,Mn,O
SrMoO3,Sr,Mo,O
SrNbO3,Sr,Nb,O
SrNdO3,Sr,Nd,O
SrNiO3,Sr,Ni,O
SrOsO3,Sr,Os,O
SrPbO3,Sr,Pb,O
SrPdO3,Sr,Pd,O
SrPrO3,Sr,Pr,O
SrPS3,Sr,P,S
SrPSe3,Sr,P,Se
SrPtO3,Sr,Pt,O
SrPuO3,Sr,Pu,O
SrReN3,Sr,Re,N
SrReO3,Sr,Re,O
SrRhO3,Sr,Rh,O
SrRuO3,Sr,Ru,O
SrSbO3,Sr,Sb,O
SrSbSe3,Sr,Sb,Se
SrScO3,Sr,Sc,O
SrSeO3,Sr,Se,O
SrSiO3,Sr,Si,O
SrSnO3,Sr,Sn,O
SrSnS3,Sr,Sn,S
SrTaO3,Sr,Ta,O
SrTbO3,Sr,Tb,O
SrTcN3,Sr,Tc,N
SrTcO3,Sr,Tc,O
SrTiO3,Sr,Ti,O
SrTiS3,Sr,Ti,S
SrTlO3,Sr,Tl,O
SrTmO3,Sr,Tm,O
SrVO3,Sr,V,O
SrWN3,Sr,W,N
SrWO3,Sr,W,O
SrYbO3,Sr,Yb,O
SrZnO3,Sr,Zn,O
SrZrO3,Sr,Zr,O
SrZrS3,Sr,Zr,S
SrZrSe3,Sr,Zr,Se
TaAgO3,Ta,Ag,O
TaAgS3,Ta,Ag,S
TaBeO3,Ta,Be,O
TaCuO3,Ta,Cu,O
TaCuS3,Ta,Cu,S
TaFeO3,Ta,Fe,O
TaInO3,Ta,In,O
TaMoN3,Ta,Mo,N
TaSnO3,Ta,Sn,O
TaTlO3,Ta,Tl,O
TaTlS3,Ta,Tl,S
TaTlSe3,Ta,Tl,Se
TaWN3,Ta,W,N
TbAlO3,Tb,Al,O
TbBeO3,Tb,Be,O
TbBO3,Tb,B,O
TbBS3,Tb,B,S
TbCO3,Tb,C,O
TbCoO3,Tb,Co,O
TbCrO3,Tb,Cr,O
TbCrSe3,Tb,Cr,Se
TbCuO3,Tb,Cu,O
TbErO3,Tb,Er,O
TbFeO3,Tb,Fe,O
TbGaO3,Tb,Ga,O
TbGdO3,Tb,Gd,O
TbGeO3,Tb,Ge,O
TbHoO3,Tb,Ho,O
TbInO3,Tb,In,O
TbLuO3,Tb,Lu,O
TbMgO3,Tb,Mg,O
TbMgS3,Tb,Mg,S
TbMgSe3,Tb,Mg,Se
TbMnO3,Tb,Mn,O
TbNiO3,Tb,Ni,O
TbOsO3,Tb,Os,O
TbRhO3,Tb,Rh,O
TbScO3,Tb,Sc,O
TbScS3,Tb,Sc,S
TbSiO3,Tb,Si,O
TbSmO3,Tb,Sm,O
TbTiO3,Tb,Ti,O
TbTmO3,Tb,Tm,O
TbVO3,Tb,V,O
TcPbO3,Tc,Pb,O
TcSnO3,Tc,Sn,O
ThBeO3,Th,Be,O
ThBO3,Th,B,O
ThCrS3,Th,Cr,S
ThCrSe3,Th,Cr,Se
ThCuO3,Th,Cu,O
ThMnSe3,Th,Mn,Se
ThMoO3,Th,Mo,O
ThPdO3,Th,Pd,O
ThReO3,Th,Re,O
ThSiO3,Th,Si,O
ThTaN3,Th,Ta,N
ThWO3,Th,W,O
TiAlO3,Ti,Al,O
TiBeO3,Ti,Be,O
TiBO3,Ti,B,O
TiCdO3,Ti,Cd,O
TiCoO3,Ti,Co,O
TiCrO3,Ti,Cr,O
TiCuO3,Ti,Cu,O
TiFeO3,Ti,Fe,O
TiGeO3,Ti,Ge,O
TiGeS3,Ti,Ge,S
TiMnO3,Ti,Mn,O
TiMoN3,Ti,Mo,N
TiMoS3,Ti,Mo,S
TiNiO3,Ti,Ni,O
TiPbO3,Ti,Pb,O
TiPN3,Ti,P,N
TiReN3,Ti,Re,N
TiSnO3,Ti,Sn,O
TiVO3,Ti,V,O
TiWN3,Ti,W,N
TiZnO3,Ti,Zn,O
TlAgBr3,Tl,Ag,Br
TlAgCl3,Tl,Ag,Cl
TlAgF3,Tl,Ag,F
TlBO3,Tl,B,O
TlBrO3,Tl,Br,O
TlBS3,Tl,B,S
TlBSe3,Tl,B,Se
TlCdBr3,Tl,Cd,Br
TlCdCl3,Tl,Cd,Cl
TlCdF3,Tl,Cd,F
TlCdI3,Tl,Cd,I
TlCdN3,Tl,Cd,N
TlClO3,Tl,Cl,O
TlCoCl3,Tl,Co,Cl
TlCoF3,Tl,Co,F
TlCoO3,Tl,Co,O
TlCrO3,Tl,Cr,O
TlCuCl3,Tl,Cu,Cl
TlCuF3,Tl,Cu,F
TlCuO3,Tl,Cu,O
TlFeBr3,Tl,Fe,Br
TlFeF3,Tl,Fe,F
TlFeI3,Tl,Fe,I
TlFeO3,Tl,Fe,O
TlGaO3,Tl,Ga,O
TlGeBr3,Tl,Ge,Br
TlGeCl3,Tl,Ge,Cl
TlGeF3,Tl,Ge,F
TlGeI3,Tl,Ge,I
TlGeO3,Tl,Ge,O
TlInCl3,Tl,In,Cl
TlIO3,Tl,I,O
TlNiCl3,Tl,Ni,Cl
TlNiF3,Tl,Ni,F
TlNiO3,Tl,Ni,O
TlPbCl3,Tl,Pb,Cl
TlPbI3,Tl,Pb,I
TlPdF3,Tl,Pd,F
TlPO3,Tl,P,O
TlPS3,Tl,P,S
TlSbO3,Tl,Sb,O
TlSiO3,Tl,Si,O
TlSnF3,Tl,Sn,F
TlSnI3,Tl,Sn,I
TlTcO3,Tl,Tc,O
TlVCl3,Tl,V,Cl
TlVO3,Tl,V,O
TlWO3,Tl,W,O
TlZnF3,Tl,Zn,F
TmAlO3,Tm,Al,O
TmBeO3,Tm,Be,O
TmBiO3,Tm,Bi,O
TmBO3,Tm,B,O
TmCoO3,Tm,Co,O
TmCrO3,Tm,Cr,O
TmFeO3,Tm,Fe,O
TmGaO3,Tm,Ga,O
TmGeO3,Tm,Ge,O
TmInO3,Tm,In,O
TmMgS3,Tm,Mg,S
TmMgSe3,Tm,Mg,Se
TmMnO3,Tm,Mn,O
TmNiO3,Tm,Ni,O
TmRhO3,Tm,Rh,O
TmScO3,Tm,Sc,O
TmSeO3,Tm,Se,O
TmTiO3,Tm,Ti,O
TmTlO3,Tm,Tl,O
TmVO3,Tm,V,O
UAlO3,U,Al,O
UBeO3,U,Be,O
UBO3,U,B,O
UCoS3,U,Co,S
UCoSe3,U,Co,Se
UCrS3,U,Cr,S
UCrSe3,U,Cr,Se
UFeS3,U,Fe,S
UFeSe3,U,Fe,Se
UIrO3,U,Ir,O
UMnSe3,U,Mn,Se
UNiS3,U,Ni,S
UNiSe3,U,Ni,Se
UPdO3,U,Pd,O
UPdSe3,U,Pd,Se
UReO3,U,Re,O
URhS3,U,Rh,S
URuS3,U,Ru,S
USiO3,U,Si,O
UTcO3,U,Tc,O
UTiO3,U,Ti,O
UTlO3,U,Tl,O
UVS3,U,V,S
UVSe3,U,V,Se
VAgO3,V,Ag,O
VBiO3,V,Bi,O
VBO3,V,B,O
VCdO3,V,Cd,O
VCoO3,V,Co,O
VCrO3,V,Cr,O
VCuO3,V,Cu,O
VGaO3,V,Ga,O
VGeO3,V,Ge,O
VIrO3,V,Ir,O
VMoN3,V,Mo,N
VNiO3,V,Ni,O
VOsO3,V,Os,O
VPbO3,V,Pb,O
VPS3,V,P,S
VPtO3,V,Pt,O
VSiO3,V,Si,O
VSnO3,V,Sn,O
VWN3,V,W,N
VZnO3,V,Zn,O
YAgO3,Y,Ag,O
YAlO3,Y,Al,O
YbAlO3,Yb,Al,O
YbAuO3,Yb,Au,O
YbBeO3,Yb,Be,O
YbBiO3,Yb,Bi,O
YbBO3,Yb,B,O
YbCdO3,Yb,Cd,O
YbCeO3,Yb,Ce,O
YbCeS3,Yb,Ce,S
YbCeSe3,Yb,Ce,Se
YbCO3,Yb,C,O
YbCoO3,Yb,Co,O
YbCrO3,Yb,Cr,O
YbCuO3,Yb,Cu,O
YbDyS3,Yb,Dy,S
YbEuO3,Yb,Eu,O
YbFeO3,Yb,Fe,O
YbGaO3,Yb,Ga,O
YbGdS3,Yb,Gd,S
YbGeO3,Yb,Ge,O
YbPdH3,Yb,Pd,H
YbHfO3,Yb,Hf,O
YbInBr3,Yb,In,Br
YbInO3,Yb,In,O
YBiO3,Y,Bi,O
YbMgO3,Yb,Mg,O
YbMgS3,Yb,Mg,S
YbMgSe3,Yb,Mg,Se
YbMnO3,Yb,Mn,O
YbNbO3,Yb,Nb,O
YbNdO3,Yb,Nd,O
YbNdS3,Yb,Nd,S
YbNdSe3,Yb,Nd,Se
YbNiH3,Yb,Ni,H
YbNiO3,Yb,Ni,O
YBO3,Y,B,O
YbPdO3,Yb,Pd,O
YbPrO3,Yb,Pr,O
YbPrS3,Yb,Pr,S
YbPrSe3,Yb,Pr,Se
YbPtO3,Yb,Pt,O
YbPuO3,Yb,Pu,O
YbReO3,Yb,Re,O
YbRhO3,Yb,Rh,O
YbScO3,Yb,Sc,O
YbSiO3,Yb,Si,O
YbSmO3,Yb,Sm,O
YbSmSe3,Yb,Sm,Se
YbSnO3,Yb,Sn,O
YbTaO3,Yb,Ta,O
YbTcO3,Yb,Tc,O
YbTiO3,Yb,Ti,O
YbTlBr3,Yb,Tl,Br
YbTmO3,Yb,Tm,O
YbVO3,Yb,V,O
YbWO3,Yb,W,O
YbZnO3,Yb,Zn,O
YCoO3,Y,Co,O
YCrO3,Y,Cr,O
YCuO3,Y,Cu,O
YErO3,Y,Er,O
YFeO3,Y,Fe,O
YGaO3,Y,Ga,O
YHoO3,Y,Ho,O
YInO3,Y,In,O
YLuO3,Y,Lu,O
YMgS3,Y,Mg,S
YMgSe3,Y,Mg,Se
YMnO3,Y,Mn,O
YMoN3,Y,Mo,N
YMoO3,Y,Mo,O
YNiO3,Y,Ni,O
YOsO3,Y,Os,O
YReN3,Y,Re,N
YRhO3,Y,Rh,O
YSbO3,Y,Sb,O
YScO3,Y,Sc,O
YScS3,Y,Sc,S
YSeO3,Y,Se,O
YSiO3,Y,Si,O
YSnO3,Y,Sn,O
YTcN3,Y,Tc,N
YTiO3,Y,Ti,O
YTmO3,Y,Tm,O
YVO3,Y,V,O
YWN3,Y,W,N
YWO3,Y,W,O
YZrO3,Y,Zr,O
ZnAgF3,Zn,Ag,F
ZnAuO3,Zn,Au,O
ZnBiO3,Zn,Bi,O
ZnBO3,Zn,B,O
ZnCO3,Zn,C,O
ZnCoO3,Zn,Co,O
ZnCrO3,Zn,Cr,O
ZnCuO3,Zn,Cu,O
ZnFeO3,Zn,Fe,O
ZnGaO3,Zn,Ga,O
ZnGeO3,Zn,Ge,O
ZnIrO3,Zn,Ir,O
ZnMoO3,Zn,Mo,O
ZnNiO3,Zn,Ni,O
ZnOsO3,Zn,Os,O
ZnPbO3,Zn,Pb,O
ZnPS3,Zn,P,S
ZnRhO3,Zn,Rh,O
ZnSbO3,Zn,Sb,O
ZnSeO3,Zn,Se,O
ZnSiO3,Zn,Si,O
ZnSnO3,Zn,Sn,O
ZnSnS3,Zn,Sn,S
ZnWO3,Zn,W,O
ZrAlO3,Zr,Al,O
ZrBeO3,Zr,Be,O
ZrBO3,Zr,B,O
ZrCdO3,Zr,Cd,O
ZrCoH3,Zr,Co,H
ZrCoO3,Zr,Co,O
ZrCrO3,Zr,Cr,O
ZrCuF3,Zr,Cu,F
ZrMnO3,Zr,Mn,O
ZrMoN3,Zr,Mo,N
ZrNiH3,Zr,Ni,H
ZrNiO3,Zr,Ni,O
ZrOsO3,Zr,Os,O
ZrPbO3,Zr,Pb,O
ZrPbS3,Zr,Pb,S
ZrSiO3,Zr,Si,O
ZrSnS3,Zr,Sn,S
ZrTiO3,Zr,Ti,O
ZrTlO3,Zr,Tl,O
ZrWN3,Zr,W,N
ZrZnO3,Zr,Zn,O
