Name,A_site,B_site,X_site,v_A,s_A,v_B,s_B,s_X,v_X
AcAlO3,Ac,Al,O,3.0,1.12,3.0,0.535,1.42,-2
BaAlO3,Ba,Al,O,2.0,1.61,3.0,0.535,1.42,-2
CeAlO3,Ce,Al,O,,,3.0,0.535,1.42,-2
DyAlO3,Dy,Al,O,,,3.0,0.535,1.42,-2
ErAlO3,Er,Al,O,3.0,1.062,3.0,0.535,1.42,-2
EuAlO3,Eu,Al,O,,,3.0,0.535,1.42,-2
GdAlO3,Gd,Al,O,3.0,1.107,3.0,0.535,1.42,-2
HoAlO3,Ho,Al,O,3.0,1.12,3.0,0.535,1.42,-2
KAlO3,K,Al,O,1.0,1.64,3.0,0.535,1.42,-2
LaAlO3,La,Al,O,3.0,1.36,3.0,0.535,1.42,-2
LiAlO3,Li,Al,O,1.0,0.92,3.0,0.535,1.42,-2
LuAlO3,Lu,Al,O,3.0,1.032,3.0,0.535,1.42,-2
MgAlO3,Mg,Al,O,2.0,0.89,3.0,0.535,1.42,-2
MnAlO3,Mn,Al,O,,,3.0,0.535,1.42,-2
NaAlO3,Na,Al,O,1.0,1.39,3.0,0.535,1.42,-2
NdAlO3,Nd,Al,O,,,3.0,0.535,1.42,-2
NpAlO3,Np,Al,O,,,3.0,0.535,1.42,-2
PrAlO3,Pr,Al,O,,,3.0,0.535,1.42,-2
RbAlO3,Rb,Al,O,1.0,1.72,3.0,0.535,1.42,-2
ScAlO3,Sc,Al,O,3.0,0.87,3.0,0.535,1.42,-2
SmAlO3,Sm,Al,O,,,3.0,0.535,1.42,-2
SrAlO3,Sr,Al,O,2.0,1.44,3.0,0.535,1.42,-2
TbAlO3,Tb,Al,O,,,3.0,0.535,1.42,-2
TiAlO3,Ti,Al,O,,,3.0,0.535,1.42,-2
TmAlO3,Tm,Al,O,,,3.0,0.535,1.42,-2
UAlO3,U,Al,O,,,3.0,0.535,1.42,-2
YAlO3,Y,Al,O,3.0,1.075,3.0,0.535,1.42,-2
YbAlO3,Yb,Al,O,,,3.0,0.535,1.42,-2
ZrAlO3,Zr,Al,O,4.0,0.89,3.0,0.535,1.42,-2
AcBO3,Ac,B,O,3.0,1.12,3.0,0.27,1.42,-2
AgBO3,Ag,B,O,,,3.0,0.27,1.42,-2
AlBO3,Al,B,O,3.0,0.535,3.0,0.27,1.42,-2
BaBO3,Ba,B,O,2.0,1.61,3.0,0.27,1.42,-2
BeBO3,Be,B,O,2.0,0.45,3.0,0.27,1.42,-2
BiBO3,Bi,B,O,,,3.0,0.27,1.42,-2
CaBO3,Ca,B,O,2.0,1.34,3.0,0.27,1.42,-2
CdBO3,Cd,B,O,2.0,1.31,3.0,0.27,1.42,-2
CeBO3,Ce,B,O,,,3.0,0.27,1.42,-2
CoBO3,Co,B,O,,,3.0,0.27,1.42,-2
CrBO3,Cr,B,O,,,3.0,0.27,1.42,-2
CuBO3,Cu,B,O,,,3.0,0.27,1.42,-2
DyBO3,Dy,B,O,,,3.0,0.27,1.42,-2
ErBO3,Er,B,O,3.0,1.062,3.0,0.27,1.42,-2
EuBO3,Eu,B,O,,,3.0,0.27,1.42,-2
FeBO3,Fe,B,O,,,3.0,0.27,1.42,-2
GaBO3,Ga,B,O,3.0,0.62,3.0,0.27,1.42,-2
GdBO3,Gd,B,O,3.0,1.107,3.0,0.27,1.42,-2
GeBO3,Ge,B,O,,,3.0,0.27,1.42,-2
HfBO3,Hf,B,O,4.0,0.83,3.0,0.27,1.42,-2
HoBO3,Ho,B,O,3.0,1.12,3.0,0.27,1.42,-2
InBO3,In,B,O,3.0,0.92,3.0,0.27,1.42,-2
LaBO3,La,B,O,3.0,1.36,3.0,0.27,1.42,-2
LiBO3,Li,B,O,1.0,0.92,3.0,0.27,1.42,-2
LuBO3,Lu,B,O,3.0,1.032,3.0,0.27,1.42,-2
MgBO3,Mg,B,O,2.0,0.89,3.0,0.27,1.42,-2
MnBO3,Mn,B,O,,,3.0,0.27,1.42,-2
NdBO3,Nd,B,O,,,3.0,0.27,1.42,-2
NpBO3,Np,B,O,,,3.0,0.27,1.42,-2
PaBO3,Pa,B,O,,,3.0,0.27,1.42,-2
PrBO3,Pr,B,O,,,3.0,0.27,1.42,-2
PuBO3,Pu,B,O,,,3.0,0.27,1.42,-2
RbBO3,Rb,B,O,1.0,1.72,3.0,0.27,1.42,-2
ScBO3,Sc,B,O,3.0,0.87,3.0,0.27,1.42,-2
SiBO3,Si,B,O,4.0,0.4,3.0,0.27,1.42,-2
SmBO3,Sm,B,O,,,3.0,0.27,1.42,-2
SnBO3,Sn,B,O,4.0,0.81,3.0,0.27,1.42,-2
SrBO3,Sr,B,O,2.0,1.44,3.0,0.27,1.42,-2
TbBO3,Tb,B,O,,,3.0,0.27,1.42,-2
ThBO3,Th,B,O,4.0,1.21,3.0,0.27,1.42,-2
TiBO3,Ti,B,O,,,3.0,0.27,1.42,-2
TlBO3,Tl,B,O,,,3.0,0.27,1.42,-2
TmBO3,Tm,B,O,,,3.0,0.27,1.42,-2
UBO3,U,B,O,,,3.0,0.27,1.42,-2
VBO3,V,B,O,,,3.0,0.27,1.42,-2
YBO3,Y,B,O,3.0,1.075,3.0,0.27,1.42,-2
YbBO3,Yb,B,O,,,3.0,0.27,1.42,-2
ZnBO3,Zn,B,O,2.0,0.9,3.0,0.27,1.42,-2
ZrBO3,Zr,B,O,4.0,0.89,3.0,0.27,1.42,-2
AcCrO3,Ac,Cr,O,3.0,1.12,,,1.42,-2
AlCrO3,Al,Cr,O,3.0,0.535,,,1.42,-2
BaCrO3,Ba,Cr,O,2.0,1.61,,,1.42,-2
CaCrO3,Ca,Cr,O,2.0,1.34,,,1.42,-2
CeCrO3,Ce,Cr,O,,,,,1.42,-2
DyCrO3,Dy,Cr,O,,,,,1.42,-2
ErCrO3,Er,Cr,O,3.0,1.062,,,1.42,-2
EuCrO3,Eu,Cr,O,,,,,1.42,-2
GdCrO3,Gd,Cr,O,3.0,1.107,,,1.42,-2
HfCrO3,Hf,Cr,O,4.0,0.83,,,1.42,-2
HoCrO3,Ho,Cr,O,3.0,1.12,,,1.42,-2
KCrO3,K,Cr,O,1.0,1.64,,,1.42,-2
LaCrO3,La,Cr,O,3.0,1.36,,,1.42,-2
LiCrO3,Li,Cr,O,1.0,0.92,,,1.42,-2
LuCrO3,Lu,Cr,O,3.0,1.032,,,1.42,-2
MgCrO3,Mg,Cr,O,2.0,0.89,,,1.42,-2
NaCrO3,Na,Cr,O,1.0,1.39,,,1.42,-2
NdCrO3,Nd,Cr,O,,,,,1.42,-2
PrCrO3,Pr,Cr,O,,,,,1.42,-2
PuCrO3,Pu,Cr,O,,,,,1.42,-2
RbCrO3,Rb,Cr,O,1.0,1.72,,,1.42,-2
ScCrO3,Sc,Cr,O,3.0,0.87,,,1.42,-2
SmCrO3,Sm,Cr,O,,,,,1.42,-2
SrCrO3,Sr,Cr,O,2.0,1.44,,,1.42,-2
TbCrO3,Tb,Cr,O,,,,,1.42,-2
TiCrO3,Ti,Cr,O,,,,,1.42,-2
TlCrO3,Tl,Cr,O,,,,,1.42,-2
TmCrO3,Tm,Cr,O,,,,,1.42,-2
VCrO3,V,Cr,O,,,,,1.42,-2
YCrO3,Y,Cr,O,3.0,1.075,,,1.42,-2
YbCrO3,Yb,Cr,O,,,,,1.42,-2
ZnCrO3,Zn,Cr,O,2.0,0.9,,,1.42,-2
ZrCrO3,Zr,Cr,O,4.0,0.89,,,1.42,-2
AcCuO3,Ac,Cu,O,3.0,1.12,,,1.42,-2
AlCuO3,Al,Cu,O,3.0,0.535,,,1.42,-2
BaCuO3,Ba,Cu,O,2.0,1.61,,,1.42,-2
BeCuO3,Be,Cu,O,2.0,0.45,,,1.42,-2
CaCuO3,Ca,Cu,O,2.0,1.34,,,1.42,-2
CeCuO3,Ce,Cu,O,,,,,1.42,-2
CrCuO3,Cr,Cu,O,,,,,1.42,-2
DyCuO3,Dy,Cu,O,,,,,1.42,-2
ErCuO3,Er,Cu,O,3.0,1.062,,,1.42,-2
EuCuO3,Eu,Cu,O,,,,,1.42,-2
GdCuO3,Gd,Cu,O,3.0,1.107,,,1.42,-2
HoCuO3,Ho,Cu,O,3.0,1.12,,,1.42,-2
InCuO3,In,Cu,O,3.0,0.92,,,1.42,-2
LaCuO3,La,Cu,O,3.0,1.36,,,1.42,-2
MgCuO3,Mg,Cu,O,2.0,0.89,,,1.42,-2
MnCuO3,Mn,Cu,O,,,,,1.42,-2
NbCuO3,Nb,Cu,O,,,,,1.42,-2
NdCuO3,Nd,Cu,O,,,,,1.42,-2
PrCuO3,Pr,Cu,O,,,,,1.42,-2
PuCuO3,Pu,Cu,O,,,,,1.42,-2
RbCuO3,Rb,Cu,O,1.0,1.72,,,1.42,-2
ScCuO3,Sc,Cu,O,3.0,0.87,,,1.42,-2
SmCuO3,Sm,Cu,O,,,,,1.42,-2
SrCuO3,Sr,Cu,O,2.0,1.44,,,1.42,-2
TaCuO3,Ta,Cu,O,,,,,1.42,-2
TbCuO3,Tb,Cu,O,,,,,1.42,-2
ThCuO3,Th,Cu,O,4.0,1.21,,,1.42,-2
TiCuO3,Ti,Cu,O,,,,,1.42,-2
TlCuO3,Tl,Cu,O,,,,,1.42,-2
VCuO3,V,Cu,O,,,,,1.42,-2
YCuO3,Y,Cu,O,3.0,1.075,,,1.42,-2
YbCuO3,Yb,Cu,O,,,,,1.42,-2
ZnCuO3,Zn,Cu,O,2.0,0.9,,,1.42,-2
AcFeO3,Ac,Fe,O,3.0,1.12,,,1.42,-2
AlFeO3,Al,Fe,O,3.0,0.535,,,1.42,-2
BaFeO3,Ba,Fe,O,2.0,1.61,,,1.42,-2
CaFeO3,Ca,Fe,O,2.0,1.34,,,1.42,-2
CdFeO3,Cd,Fe,O,2.0,1.31,,,1.42,-2
CeFeO3,Ce,Fe,O,,,,,1.42,-2
CrFeO3,Cr,Fe,O,,,,,1.42,-2
DyFeO3,Dy,Fe,O,,,,,1.42,-2
ErFeO3,Er,Fe,O,3.0,1.062,,,1.42,-2
EuFeO3,Eu,Fe,O,,,,,1.42,-2
GaFeO3,Ga,Fe,O,3.0,0.62,,,1.42,-2
GdFeO3,Gd,Fe,O,3.0,1.107,,,1.42,-2
HfFeO3,Hf,Fe,O,4.0,0.83,,,1.42,-2
HoFeO3,Ho,Fe,O,3.0,1.12,,,1.42,-2
InFeO3,In,Fe,O,3.0,0.92,,,1.42,-2
KFeO3,K,Fe,O,1.0,1.64,,,1.42,-2
LaFeO3,La,Fe,O,3.0,1.36,,,1.42,-2
LiFeO3,Li,Fe,O,1.0,0.92,,,1.42,-2
LuFeO3,Lu,Fe,O,3.0,1.032,,,1.42,-2
MgFeO3,Mg,Fe,O,2.0,0.89,,,1.42,-2
MnFeO3,Mn,Fe,O,,,,,1.42,-2
NaFeO3,Na,Fe,O,1.0,1.39,,,1.42,-2
NbFeO3,Nb,Fe,O,,,,,1.42,-2
NdFeO3,Nd,Fe,O,,,,,1.42,-2
PrFeO3,Pr,Fe,O,,,,,1.42,-2
RbFeO3,Rb,Fe,O,1.0,1.72,,,1.42,-2
ScFeO3,Sc,Fe,O,3.0,0.87,,,1.42,-2
SmFeO3,Sm,Fe,O,,,,,1.42,-2
SrFeO3,Sr,Fe,O,2.0,1.44,,,1.42,-2
TaFeO3,Ta,Fe,O,,,,,1.42,-2
TbFeO3,Tb,Fe,O,,,,,1.42,-2
TiFeO3,Ti,Fe,O,,,,,1.42,-2
TlFeO3,Tl,Fe,O,,,,,1.42,-2
TmFeO3,Tm,Fe,O,,,,,1.42,-2
YFeO3,Y,Fe,O,3.0,1.075,,,1.42,-2
YbFeO3,Yb,Fe,O,,,,,1.42,-2
ZnFeO3,Zn,Fe,O,2.0,0.9,,,1.42,-2
AcGaO3,Ac,Ga,O,3.0,1.12,3.0,0.62,1.42,-2
AlGaO3,Al,Ga,O,3.0,0.535,3.0,0.62,1.42,-2
BeGaO3,Be,Ga,O,2.0,0.45,3.0,0.62,1.42,-2
CeGaO3,Ce,Ga,O,,,3.0,0.62,1.42,-2
DyGaO3,Dy,Ga,O,,,3.0,0.62,1.42,-2
ErGaO3,Er,Ga,O,3.0,1.062,3.0,0.62,1.42,-2
EuGaO3,Eu,Ga,O,,,3.0,0.62,1.42,-2
GdGaO3,Gd,Ga,O,3.0,1.107,3.0,0.62,1.42,-2
HoGaO3,Ho,Ga,O,3.0,1.12,3.0,0.62,1.42,-2
InGaO3,In,Ga,O,3.0,0.92,3.0,0.62,1.42,-2
LaGaO3,La,Ga,O,3.0,1.36,3.0,0.62,1.42,-2
LuGaO3,Lu,Ga,O,3.0,1.032,3.0,0.62,1.42,-2
MnGaO3,Mn,Ga,O,,,3.0,0.62,1.42,-2
NdGaO3,Nd,Ga,O,,,3.0,0.62,1.42,-2
PrGaO3,Pr,Ga,O,,,3.0,0.62,1.42,-2
PuGaO3,Pu,Ga,O,,,3.0,0.62,1.42,-2
ScGaO3,Sc,Ga,O,3.0,0.87,3.0,0.62,1.42,-2
SmGaO3,Sm,Ga,O,,,3.0,0.62,1.42,-2
TbGaO3,Tb,Ga,O,,,3.0,0.62,1.42,-2
TlGaO3,Tl,Ga,O,,,3.0,0.62,1.42,-2
TmGaO3,Tm,Ga,O,,,3.0,0.62,1.42,-2
VGaO3,V,Ga,O,,,3.0,0.62,1.42,-2
YGaO3,Y,Ga,O,3.0,1.075,3.0,0.62,1.42,-2
YbGaO3,Yb,Ga,O,,,3.0,0.62,1.42,-2
ZnGaO3,Zn,Ga,O,2.0,0.9,3.0,0.62,1.42,-2
AcMgO3,Ac,Mg,O,3.0,1.12,2.0,0.89,1.42,-2
CaMgO3,Ca,Mg,O,2.0,1.34,2.0,0.89,1.42,-2
CsMgO3,Cs,Mg,O,1.0,1.88,2.0,0.89,1.42,-2
EuMgO3,Eu,Mg,O,,,2.0,0.89,1.42,-2
HfMgO3,Hf,Mg,O,4.0,0.83,2.0,0.89,1.42,-2
KMgO3,K,Mg,O,1.0,1.64,2.0,0.89,1.42,-2
LaMgO3,La,Mg,O,3.0,1.36,2.0,0.89,1.42,-2
LiMgO3,Li,Mg,O,1.0,0.92,2.0,0.89,1.42,-2
NaMgO3,Na,Mg,O,1.0,1.39,2.0,0.89,1.42,-2
NdMgO3,Nd,Mg,O,,,2.0,0.89,1.42,-2
PmMgO3,Pm,Mg,O,3.0,1.144,2.0,0.89,1.42,-2
PuMgO3,Pu,Mg,O,,,2.0,0.89,1.42,-2
RbMgO3,Rb,Mg,O,1.0,1.72,2.0,0.89,1.42,-2
SrMgO3,Sr,Mg,O,2.0,1.44,2.0,0.89,1.42,-2
TbMgO3,Tb,Mg,O,,,2.0,0.89,1.42,-2
YbMgO3,Yb,Mg,O,,,2.0,0.89,1.42,-2
AcMnO3,Ac,Mn,O,3.0,1.12,,,1.42,-2
BaMnO3,Ba,Mn,O,2.0,1.61,,,1.42,-2
CaMnO3,Ca,Mn,O,2.0,1.34,,,1.42,-2
CeMnO3,Ce,Mn,O,,,,,1.42,-2
DyMnO3,Dy,Mn,O,,,,,1.42,-2
ErMnO3,Er,Mn,O,3.0,1.062,,,1.42,-2
EuMnO3,Eu,Mn,O,,,,,1.42,-2
GdMnO3,Gd,Mn,O,3.0,1.107,,,1.42,-2
HfMnO3,Hf,Mn,O,4.0,0.83,,,1.42,-2
HoMnO3,Ho,Mn,O,3.0,1.12,,,1.42,-2
KMnO3,K,Mn,O,1.0,1.64,,,1.42,-2
LaMnO3,La,Mn,O,3.0,1.36,,,1.42,-2
LiMnO3,Li,Mn,O,1.0,0.92,,,1.42,-2
LuMnO3,Lu,Mn,O,3.0,1.032,,,1.42,-2
MgMnO3,Mg,Mn,O,2.0,0.89,,,1.42,-2
NdMnO3,Nd,Mn,O,,,,,1.42,-2
PrMnO3,Pr,Mn,O,,,,,1.42,-2
RbMnO3,Rb,Mn,O,1.0,1.72,,,1.42,-2
ScMnO3,Sc,Mn,O,3.0,0.87,,,1.42,-2
SmMnO3,Sm,Mn,O,,,,,1.42,-2
SrMnO3,Sr,Mn,O,2.0,1.44,,,1.42,-2
TbMnO3,Tb,Mn,O,,,,,1.42,-2
TiMnO3,Ti,Mn,O,,,,,1.42,-2
TmMnO3,Tm,Mn,O,,,,,1.42,-2
YMnO3,Y,Mn,O,3.0,1.075,,,1.42,-2
YbMnO3,Yb,Mn,O,,,,,1.42,-2
ZrMnO3,Zr,Mn,O,4.0,0.89,,,1.42,-2
AcNiO3,Ac,Ni,O,3.0,1.12,,,1.42,-2
AlNiO3,Al,Ni,O,3.0,0.535,,,1.42,-2
BaNiO3,Ba,Ni,O,2.0,1.61,,,1.42,-2
CaNiO3,Ca,Ni,O,2.0,1.34,,,1.42,-2
CeNiO3,Ce,Ni,O,,,,,1.42,-2
CoNiO3,Co,Ni,O,,,,,1.42,-2
DyNiO3,Dy,Ni,O,,,,,1.42,-2
ErNiO3,Er,Ni,O,3.0,1.062,,,1.42,-2
EuNiO3,Eu,Ni,O,,,,,1.42,-2
FeNiO3,Fe,Ni,O,,,,,1.42,-2
GaNiO3,Ga,Ni,O,3.0,0.62,,,1.42,-2
GdNiO3,Gd,Ni,O,3.0,1.107,,,1.42,-2
HfNiO3,Hf,Ni,O,4.0,0.83,,,1.42,-2
HoNiO3,Ho,Ni,O,3.0,1.12,,,1.42,-2
LaNiO3,La,Ni,O,3.0,1.36,,,1.42,-2
LiNiO3,Li,Ni,O,1.0,0.92,,,1.42,-2
LuNiO3,Lu,Ni,O,3.0,1.032,,,1.42,-2
MnNiO3,Mn,Ni,O,,,,,1.42,-2
NaNiO3,Na,Ni,O,1.0,1.39,,,1.42,-2
NdNiO3,Nd,Ni,O,,,,,1.42,-2
PrNiO3,Pr,Ni,O,,,,,1.42,-2
PuNiO3,Pu,Ni,O,,,,,1.42,-2
RbNiO3,Rb,Ni,O,1.0,1.72,,,1.42,-2
SmNiO3,Sm,Ni,O,,,,,1.42,-2
SrNiO3,Sr,Ni,O,2.0,1.44,,,1.42,-2
TbNiO3,Tb,Ni,O,,,,,1.42,-2
TiNiO3,Ti,Ni,O,,,,,1.42,-2
TlNiO3,Tl,Ni,O,,,,,1.42,-2
TmNiO3,Tm,Ni,O,,,,,1.42,-2
VNiO3,V,Ni,O,,,,,1.42,-2
YNiO3,Y,Ni,O,3.0,1.075,,,1.42,-2
YbNiO3,Yb,Ni,O,,,,,1.42,-2
ZnNiO3,Zn,Ni,O,2.0,0.9,,,1.42,-2
ZrNiO3,Zr,Ni,O,4.0,0.89,,,1.42,-2
AcPdO3,Ac,Pd,O,3.0,1.12,,,1.42,-2
AgPdO3,Ag,Pd,O,,,,,1.42,-2
AlPdO3,Al,Pd,O,3.0,0.535,,,1.42,-2
BaPdO3,Ba,Pd,O,2.0,1.61,,,1.42,-2
BPdO3,B,Pd,O,3.0,0.27,,,1.42,-2
BePdO3,Be,Pd,O,2.0,0.45,,,1.42,-2
CsPdO3,Cs,Pd,O,1.0,1.88,,,1.42,-2
CuPdO3,Cu,Pd,O,,,,,1.42,-2
EuPdO3,Eu,Pd,O,,,,,1.42,-2
GePdO3,Ge,Pd,O,,,,,1.42,-2
KPdO3,K,Pd,O,1.0,1.64,,,1.42,-2
LaPdO3,La,Pd,O,3.0,1.36,,,1.42,-2
LuPdO3,Lu,Pd,O,3.0,1.032,,,1.42,-2
NaPdO3,Na,Pd,O,1.0,1.39,,,1.42,-2
NiPdO3,Ni,Pd,O,,,,,1.42,-2
RbPdO3,Rb,Pd,O,1.0,1.72,,,1.42,-2
SbPdO3,Sb,Pd,O,,,,,1.42,-2
ScPdO3,Sc,Pd,O,3.0,0.87,,,1.42,-2
SiPdO3,Si,Pd,O,4.0,0.4,,,1.42,-2
SrPdO3,Sr,Pd,O,2.0,1.44,,,1.42,-2
ThPdO3,Th,Pd,O,4.0,1.21,,,1.42,-2
UPdO3,U,Pd,O,,,,,1.42,-2
YbPdO3,Yb,Pd,O,,,,,1.42,-2
AcScO3,Ac,Sc,O,3.0,1.12,3.0,0.87,1.42,-2
BaScO3,Ba,Sc,O,2.0,1.61,3.0,0.87,1.42,-2
CaScO3,Ca,Sc,O,2.0,1.34,3.0,0.87,1.42,-2
CeScO3,Ce,Sc,O,,,3.0,0.87,1.42,-2
DyScO3,Dy,Sc,O,,,3.0,0.87,1.42,-2
ErScO3,Er,Sc,O,3.0,1.062,3.0,0.87,1.42,-2
EuScO3,Eu,Sc,O,,,3.0,0.87,1.42,-2
GdScO3,Gd,Sc,O,3.0,1.107,3.0,0.87,1.42,-2
HoScO3,Ho,Sc,O,3.0,1.12,3.0,0.87,1.42,-2
KScO3,K,Sc,O,1.0,1.64,3.0,0.87,1.42,-2
LaScO3,La,Sc,O,3.0,1.36,3.0,0.87,1.42,-2
LuScO3,Lu,Sc,O,3.0,1.032,3.0,0.87,1.42,-2
NdScO3,Nd,Sc,O,,,3.0,0.87,1.42,-2
PrScO3,Pr,Sc,O,,,3.0,0.87,1.42,-2
SmScO3,Sm,Sc,O,,,3.0,0.87,1.42,-2
SrScO3,Sr,Sc,O,2.0,1.44,3.0,0.87,1.42,-2
TbScO3,Tb,Sc,O,,,3.0,0.87,1.42,-2
TmScO3,Tm,Sc,O,,,3.0,0.87,1.42,-2
YScO3,Y,Sc,O,3.0,1.075,3.0,0.87,1.42,-2
YbScO3,Yb,Sc,O,,,3.0,0.87,1.42,-2
AcSiO3,Ac,Si,O,3.0,1.12,4.0,0.4,1.42,-2
AlSiO3,Al,Si,O,3.0,0.535,4.0,0.4,1.42,-2
BaSiO3,Ba,Si,O,2.0,1.61,4.0,0.4,1.42,-2
BeSiO3,Be,Si,O,2.0,0.45,4.0,0.4,1.42,-2
CaSiO3,Ca,Si,O,2.0,1.34,4.0,0.4,1.42,-2
CdSiO3,Cd,Si,O,2.0,1.31,4.0,0.4,1.42,-2
CoSiO3,Co,Si,O,,,4.0,0.4,1.42,-2
CuSiO3,Cu,Si,O,,,4.0,0.4,1.42,-2
EuSiO3,Eu,Si,O,,,4.0,0.4,1.42,-2
FeSiO3,Fe,Si,O,,,4.0,0.4,1.42,-2
GaSiO3,Ga,Si,O,3.0,0.62,4.0,0.4,1.42,-2
GdSiO3,Gd,Si,O,3.0,1.107,4.0,0.4,1.42,-2
HoSiO3,Ho,Si,O,3.0,1.12,4.0,0.4,1.42,-2
InSiO3,In,Si,O,3.0,0.92,4.0,0.4,1.42,-2
KSiO3,K,Si,O,1.0,1.64,4.0,0.4,1.42,-2
LiSiO3,Li,Si,O,1.0,0.92,4.0,0.4,1.42,-2
LuSiO3,Lu,Si,O,3.0,1.032,4.0,0.4,1.42,-2
MgSiO3,Mg,Si,O,2.0,0.89,4.0,0.4,1.42,-2
MnSiO3,Mn,Si,O,,,4.0,0.4,1.42,-2
NaSiO3,Na,Si,O,1.0,1.39,4.0,0.4,1.42,-2
NpSiO3,Np,Si,O,,,4.0,0.4,1.42,-2
PaSiO3,Pa,Si,O,,,4.0,0.4,1.42,-2
ScSiO3,Sc,Si,O,3.0,0.87,4.0,0.4,1.42,-2
SmSiO3,Sm,Si,O,,,4.0,0.4,1.42,-2
SrSiO3,Sr,Si,O,2.0,1.44,4.0,0.4,1.42,-2
TbSiO3,Tb,Si,O,,,4.0,0.4,1.42,-2
ThSiO3,Th,Si,O,4.0,1.21,4.0,0.4,1.42,-2
TlSiO3,Tl,Si,O,,,4.0,0.4,1.42,-2
USiO3,U,Si,O,,,4.0,0.4,1.42,-2
VSiO3,V,Si,O,,,4.0,0.4,1.42,-2
YSiO3,Y,Si,O,3.0,1.075,4.0,0.4,1.42,-2
YbSiO3,Yb,Si,O,,,4.0,0.4,1.42,-2
ZnSiO3,Zn,Si,O,2.0,0.9,4.0,0.4,1.42,-2
ZrSiO3,Zr,Si,O,4.0,0.89,4.0,0.4,1.42,-2
AcTiO3,Ac,Ti,O,3.0,1.12,,,1.42,-2
BaTiO3,Ba,Ti,O,2.0,1.61,,,1.42,-2
CaTiO3,Ca,Ti,O,2.0,1.34,,,1.42,-2
CeTiO3,Ce,Ti,O,,,,,1.42,-2
CsTiO3,Cs,Ti,O,1.0,1.88,,,1.42,-2
DyTiO3,Dy,Ti,O,,,,,1.42,-2
ErTiO3,Er,Ti,O,3.0,1.062,,,1.42,-2
EuTiO3,Eu,Ti,O,,,,,1.42,-2
GdTiO3,Gd,Ti,O,3.0,1.107,,,1.42,-2
HoTiO3,Ho,Ti,O,3.0,1.12,,,1.42,-2
KTiO3,K,Ti,O,1.0,1.64,,,1.42,-2
LaTiO3,La,Ti,O,3.0,1.36,,,1.42,-2
LuTiO3,Lu,Ti,O,3.0,1.032,,,1.42,-2
MgTiO3,Mg,Ti,O,2.0,0.89,,,1.42,-2
NaTiO3,Na,Ti,O,1.0,1.39,,,1.42,-2
NdTiO3,Nd,Ti,O,,,,,1.42,-2
NpTiO3,Np,Ti,O,,,,,1.42,-2
PmTiO3,Pm,Ti,O,3.0,1.144,,,1.42,-2
PrTiO3,Pr,Ti,O,,,,,1.42,-2
PuTiO3,Pu,Ti,O,,,,,1.42,-2
ScTiO3,Sc,Ti,O,3.0,0.87,,,1.42,-2
SmTiO3,Sm,Ti,O,,,,,1.42,-2
SrTiO3,Sr,Ti,O,2.0,1.44,,,1.42,-2
TbTiO3,Tb,Ti,O,,,,,1.42,-2
TmTiO3,Tm,Ti,O,,,,,1.42,-2
UTiO3,U,Ti,O,,,,,1.42,-2
YTiO3,Y,Ti,O,3.0,1.075,,,1.42,-2
YbTiO3,Yb,Ti,O,,,,,1.42,-2
ZrTiO3,Zr,Ti,O,4.0,0.89,,,1.42,-2
AcVO3,Ac,V,O,3.0,1.12,,,1.42,-2
AlVO3,Al,V,O,3.0,0.535,,,1.42,-2
BaVO3,Ba,V,O,2.0,1.61,,,1.42,-2
BeVO3,Be,V,O,2.0,0.45,,,1.42,-2
CaVO3,Ca,V,O,2.0,1.34,,,1.42,-2
CeVO3,Ce,V,O,,,,,1.42,-2
CsVO3,Cs,V,O,1.0,1.88,,,1.42,-2
DyVO3,Dy,V,O,,,,,1.42,-2
ErVO3,Er,V,O,3.0,1.062,,,1.42,-2
EuVO3,Eu,V,O,,,,,1.42,-2
GdVO3,Gd,V,O,3.0,1.107,,,1.42,-2
HoVO3,Ho,V,O,3.0,1.12,,,1.42,-2
KVO3,K,V,O,1.0,1.64,,,1.42,-2
LaVO3,La,V,O,3.0,1.36,,,1.42,-2
LiVO3,Li,V,O,1.0,0.92,,,1.42,-2
LuVO3,Lu,V,O,3.0,1.032,,,1.42,-2
MgVO3,Mg,V,O,2.0,0.89,,,1.42,-2
MnVO3,Mn,V,O,,,,,1.42,-2
NaVO3,Na,V,O,1.0,1.39,,,1.42,-2
NdVO3,Nd,V,O,,,,,1.42,-2
PrVO3,Pr,V,O,,,,,1.42,-2
PuVO3,Pu,V,O,,,,,1.42,-2
RbVO3,Rb,V,O,1.0,1.72,,,1.42,-2
ScVO3,Sc,V,O,3.0,0.87,,,1.42,-2
SmVO3,Sm,V,O,,,,,1.42,-2
SrVO3,Sr,V,O,2.0,1.44,,,1.42,-2
TbVO3,Tb,V,O,,,,,1.42,-2
TiVO3,Ti,V,O,,,,,1.42,-2
TlVO3,Tl,V,O,,,,,1.42,-2
TmVO3,Tm,V,O,,,,,1.42,-2
YVO3,Y,V,O,3.0,1.075,,,1.42,-2
YbVO3,Yb,V,O,,,,,1.42,-2
AgAsO3,Ag,As,O,,,,,1.42,-2
CeAsO3,Ce,As,O,,,,,1.42,-2
CsAsO3,Cs,As,O,1.0,1.88,,,1.42,-2
CuAsO3,Cu,As,O,,,,,1.42,-2
EuAsO3,Eu,As,O,,,,,1.42,-2
FeAsO3,Fe,As,O,,,,,1.42,-2
GdAsO3,Gd,As,O,3.0,1.107,,,1.42,-2
InAsO3,In,As,O,3.0,0.92,,,1.42,-2
KAsO3,K,As,O,1.0,1.64,,,1.42,-2
LaAsO3,La,As,O,3.0,1.36,,,1.42,-2
LiAsO3,Li,As,O,1.0,0.92,,,1.42,-2
NaAsO3,Na,As,O,1.0,1.39,,,1.42,-2
NiAsO3,Ni,As,O,,,,,1.42,-2
RbAsO3,Rb,As,O,1.0,1.72,,,1.42,-2
SbAsO3,Sb,As,O,,,,,1.42,-2
ScAsO3,Sc,As,O,3.0,0.87,,,1.42,-2
SrAsO3,Sr,As,O,2.0,1.44,,,1.42,-2
AgAuO3,Ag,Au,O,,,,,1.42,-2
AlAuO3,Al,Au,O,3.0,0.535,,,1.42,-2
AsAuO3,As,Au,O,,,,,1.42,-2
BaAuO3,Ba,Au,O,2.0,1.61,,,1.42,-2
BAuO3,B,Au,O,3.0,0.27,,,1.42,-2
BeAuO3,Be,Au,O,2.0,0.45,,,1.42,-2
CoAuO3,Co,Au,O,,,,,1.42,-2
CsAuO3,Cs,Au,O,1.0,1.88,,,1.42,-2
EuAuO3,Eu,Au,O,,,,,1.42,-2
KAuO3,K,Au,O,1.0,1.64,,,1.42,-2
LaAuO3,La,Au,O,3.0,1.36,,,1.42,-2
PbAuO3,Pb,Au,O,,,,,1.42,-2
RbAuO3,Rb,Au,O,1.0,1.72,,,1.42,-2
SbAuO3,Sb,Au,O,,,,,1.42,-2
SrAuO3,Sr,Au,O,2.0,1.44,,,1.42,-2
YbAuO3,Yb,Au,O,,,,,1.42,-2
ZnAuO3,Zn,Au,O,2.0,0.9,,,1.42,-2
AgBiO3,Ag,Bi,O,,,,,1.42,-2
AlBiO3,Al,Bi,O,3.0,0.535,,,1.42,-2
BaBiO3,Ba,Bi,O,2.0,1.61,,,1.42,-2
BeBiO3,Be,Bi,O,2.0,0.45,,,1.42,-2
CaBiO3,Ca,Bi,O,2.0,1.34,,,1.42,-2
CdBiO3,Cd,Bi,O,2.0,1.31,,,1.42,-2
CoBiO3,Co,Bi,O,,,,,1.42,-2
CrBiO3,Cr,Bi,O,,,,,1.42,-2
CsBiO3,Cs,Bi,O,1.0,1.88,,,1.42,-2
CuBiO3,Cu,Bi,O,,,,,1.42,-2
DyBiO3,Dy,Bi,O,,,,,1.42,-2
ErBiO3,Er,Bi,O,3.0,1.062,,,1.42,-2
FeBiO3,Fe,Bi,O,,,,,1.42,-2
GaBiO3,Ga,Bi,O,3.0,0.62,,,1.42,-2
GeBiO3,Ge,Bi,O,,,,,1.42,-2
HoBiO3,Ho,Bi,O,3.0,1.12,,,1.42,-2
InBiO3,In,Bi,O,3.0,0.92,,,1.42,-2
KBiO3,K,Bi,O,1.0,1.64,,,1.42,-2
LaBiO3,La,Bi,O,3.0,1.36,,,1.42,-2
LiBiO3,Li,Bi,O,1.0,0.92,,,1.42,-2
LuBiO3,Lu,Bi,O,3.0,1.032,,,1.42,-2
MgBiO3,Mg,Bi,O,2.0,0.89,,,1.42,-2
MnBiO3,Mn,Bi,O,,,,,1.42,-2
NaBiO3,Na,Bi,O,1.0,1.39,,,1.42,-2
NbBiO3,Nb,Bi,O,,,,,1.42,-2
NdBiO3,Nd,Bi,O,,,,,1.42,-2
NiBiO3,Ni,Bi,O,,,,,1.42,-2
PrBiO3,Pr,Bi,O,,,,,1.42,-2
RbBiO3,Rb,Bi,O,1.0,1.72,,,1.42,-2
ReBiO3,Re,Bi,O,,,,,1.42,-2
ScBiO3,Sc,Bi,O,3.0,0.87,,,1.42,-2
SiBiO3,Si,Bi,O,4.0,0.4,,,1.42,-2
SrBiO3,Sr,Bi,O,2.0,1.44,,,1.42,-2
TmBiO3,Tm,Bi,O,,,,,1.42,-2
VBiO3,V,Bi,O,,,,,1.42,-2
YBiO3,Y,Bi,O,3.0,1.075,,,1.42,-2
YbBiO3,Yb,Bi,O,,,,,1.42,-2
ZnBiO3,Zn,Bi,O,2.0,0.9,,,1.42,-2
AgBrO3,Ag,Br,O,,,,,1.42,-2
CsBrO3,Cs,Br,O,1.0,1.88,,,1.42,-2
KBrO3,K,Br,O,1.0,1.64,,,1.42,-2
LiBrO3,Li,Br,O,1.0,0.92,,,1.42,-2
NaBrO3,Na,Br,O,1.0,1.39,,,1.42,-2
RbBrO3,Rb,Br,O,1.0,1.72,,,1.42,-2
TlBrO3,Tl,Br,O,,,,,1.42,-2
AgClO3,Ag,Cl,O,,,,,1.42,-2
BaClO3,Ba,Cl,O,2.0,1.61,,,1.42,-2
CsClO3,Cs,Cl,O,1.0,1.88,,,1.42,-2
KClO3,K,Cl,O,1.0,1.64,,,1.42,-2
MnClO3,Mn,Cl,O,,,,,1.42,-2
NaClO3,Na,Cl,O,1.0,1.39,,,1.42,-2
RbClO3,Rb,Cl,O,1.0,1.72,,,1.42,-2
ReClO3,Re,Cl,O,,,,,1.42,-2
TlClO3,Tl,Cl,O,,,,,1.42,-2
AgCO3,Ag,C,O,,,4.0,0.16,1.42,-2
BaCO3,Ba,C,O,2.0,1.61,4.0,0.16,1.42,-2
BiCO3,Bi,C,O,,,4.0,0.16,1.42,-2
CaCO3,Ca,C,O,2.0,1.34,4.0,0.16,1.42,-2
CdCO3,Cd,C,O,2.0,1.31,4.0,0.16,1.42,-2
CoCO3,Co,C,O,,,4.0,0.16,1.42,-2
CuCO3,Cu,C,O,,,4.0,0.16,1.42,-2
EuCO3,Eu,C,O,,,4.0,0.16,1.42,-2
FeCO3,Fe,C,O,,,4.0,0.16,1.42,-2
KCO3,K,C,O,1.0,1.64,4.0,0.16,1.42,-2
MgCO3,Mg,C,O,2.0,0.89,4.0,0.16,1.42,-2
MnCO3,Mn,C,O,,,4.0,0.16,1.42,-2
NaCO3,Na,C,O,1.0,1.39,4.0,0.16,1.42,-2
NiCO3,Ni,C,O,,,4.0,0.16,1.42,-2
PbCO3,Pb,C,O,,,4.0,0.16,1.42,-2
RbCO3,Rb,C,O,1.0,1.72,4.0,0.16,1.42,-2
SrCO3,Sr,C,O,2.0,1.44,4.0,0.16,1.42,-2
TbCO3,Tb,C,O,,,4.0,0.16,1.42,-2
YbCO3,Yb,C,O,,,4.0,0.16,1.42,-2
ZnCO3,Zn,C,O,2.0,0.9,4.0,0.16,1.42,-2
AgGeO3,Ag,Ge,O,,,,,1.42,-2
BaGeO3,Ba,Ge,O,2.0,1.61,,,1.42,-2
BeGeO3,Be,Ge,O,2.0,0.45,,,1.42,-2
CaGeO3,Ca,Ge,O,2.0,1.34,,,1.42,-2
CdGeO3,Cd,Ge,O,2.0,1.31,,,1.42,-2
CoGeO3,Co,Ge,O,,,,,1.42,-2
CrGeO3,Cr,Ge,O,,,,,1.42,-2
CsGeO3,Cs,Ge,O,1.0,1.88,,,1.42,-2
CuGeO3,Cu,Ge,O,,,,,1.42,-2
EuGeO3,Eu,Ge,O,,,,,1.42,-2
FeGeO3,Fe,Ge,O,,,,,1.42,-2
GaGeO3,Ga,Ge,O,3.0,0.62,,,1.42,-2
HoGeO3,Ho,Ge,O,3.0,1.12,,,1.42,-2
LiGeO3,Li,Ge,O,1.0,0.92,,,1.42,-2
LuGeO3,Lu,Ge,O,3.0,1.032,,,1.42,-2
MgGeO3,Mg,Ge,O,2.0,0.89,,,1.42,-2
MnGeO3,Mn,Ge,O,,,,,1.42,-2
NaGeO3,Na,Ge,O,1.0,1.39,,,1.42,-2
NdGeO3,Nd,Ge,O,,,,,1.42,-2
RbGeO3,Rb,Ge,O,1.0,1.72,,,1.42,-2
SiGeO3,Si,Ge,O,4.0,0.4,,,1.42,-2
SmGeO3,Sm,Ge,O,,,,,1.42,-2
SnGeO3,Sn,Ge,O,4.0,0.81,,,1.42,-2
SrGeO3,Sr,Ge,O,2.0,1.44,,,1.42,-2
TbGeO3,Tb,Ge,O,,,,,1.42,-2
TiGeO3,Ti,Ge,O,,,,,1.42,-2
TlGeO3,Tl,Ge,O,,,,,1.42,-2
TmGeO3,Tm,Ge,O,,,,,1.42,-2
VGeO3,V,Ge,O,,,,,1.42,-2
YbGeO3,Yb,Ge,O,,,,,1.42,-2
ZnGeO3,Zn,Ge,O,2.0,0.9,,,1.42,-2
AgIO3,Ag,I,O,,,,,1.42,-2
CsIO3,Cs,I,O,1.0,1.88,,,1.42,-2
KIO3,K,I,O,1.0,1.64,,,1.42,-2
LaIO3,La,I,O,3.0,1.36,,,1.42,-2
LiIO3,Li,I,O,1.0,0.92,,,1.42,-2
NaIO3,Na,I,O,1.0,1.39,,,1.42,-2
RbIO3,Rb,I,O,1.0,1.72,,,1.42,-2
TlIO3,Tl,I,O,,,,,1.42,-2
AgPbO3,Ag,Pb,O,,,,,1.42,-2
AlPbO3,Al,Pb,O,3.0,0.535,,,1.42,-2
BaPbO3,Ba,Pb,O,2.0,1.61,,,1.42,-2
BPbO3,B,Pb,O,3.0,0.27,,,1.42,-2
BePbO3,Be,Pb,O,2.0,0.45,,,1.42,-2
CaPbO3,Ca,Pb,O,2.0,1.34,,,1.42,-2
CdPbO3,Cd,Pb,O,2.0,1.31,,,1.42,-2
CePbO3,Ce,Pb,O,,,,,1.42,-2
CoPbO3,Co,Pb,O,,,,,1.42,-2
CrPbO3,Cr,Pb,O,,,,,1.42,-2
CsPbO3,Cs,Pb,O,1.0,1.88,,,1.42,-2
CuPbO3,Cu,Pb,O,,,,,1.42,-2
EuPbO3,Eu,Pb,O,,,,,1.42,-2
FePbO3,Fe,Pb,O,,,,,1.42,-2
GePbO3,Ge,Pb,O,,,,,1.42,-2
HfPbO3,Hf,Pb,O,4.0,0.83,,,1.42,-2
KPbO3,K,Pb,O,1.0,1.64,,,1.42,-2
MgPbO3,Mg,Pb,O,2.0,0.89,,,1.42,-2
MnPbO3,Mn,Pb,O,,,,,1.42,-2
MoPbO3,Mo,Pb,O,,,,,1.42,-2
NaPbO3,Na,Pb,O,1.0,1.39,,,1.42,-2
NiPbO3,Ni,Pb,O,,,,,1.42,-2
OsPbO3,Os,Pb,O,,,,,1.42,-2
PPbO3,P,Pb,O,,,,,1.42,-2
PrPbO3,Pr,Pb,O,,,,,1.42,-2
PuPbO3,Pu,Pb,O,,,,,1.42,-2
RuPbO3,Ru,Pb,O,,,,,1.42,-2
SbPbO3,Sb,Pb,O,,,,,1.42,-2
SiPbO3,Si,Pb,O,4.0,0.4,,,1.42,-2
SnPbO3,Sn,Pb,O,4.0,0.81,,,1.42,-2
SrPbO3,Sr,Pb,O,2.0,1.44,,,1.42,-2
TcPbO3,Tc,Pb,O,,,,,1.42,-2
TiPbO3,Ti,Pb,O,,,,,1.42,-2
VPbO3,V,Pb,O,,,,,1.42,-2
ZnPbO3,Zn,Pb,O,2.0,0.9,,,1.42,-2
ZrPbO3,Zr,Pb,O,4.0,0.89,,,1.42,-2
AgPO3,Ag,P,O,,,,,1.42,-2
CsPO3,Cs,P,O,1.0,1.88,,,1.42,-2
CuPO3,Cu,P,O,,,,,1.42,-2
KPO3,K,P,O,1.0,1.64,,,1.42,-2
LiPO3,Li,P,O,1.0,0.92,,,1.42,-2
MnPO3,Mn,P,O,,,,,1.42,-2
NaPO3,Na,P,O,1.0,1.39,,,1.42,-2
RbPO3,Rb,P,O,1.0,1.72,,,1.42,-2
SnPO3,Sn,P,O,4.0,0.81,,,1.42,-2
TlPO3,Tl,P,O,,,,,1.42,-2
AgRuO3,Ag,Ru,O,,,,,1.42,-2
BaRuO3,Ba,Ru,O,2.0,1.61,,,1.42,-2
CaRuO3,Ca,Ru,O,2.0,1.34,,,1.42,-2
CdRuO3,Cd,Ru,O,2.0,1.31,,,1.42,-2
CsRuO3,Cs,Ru,O,1.0,1.88,,,1.42,-2
EuRuO3,Eu,Ru,O,,,,,1.42,-2
KRuO3,K,Ru,O,1.0,1.64,,,1.42,-2
LaRuO3,La,Ru,O,3.0,1.36,,,1.42,-2
LiRuO3,Li,Ru,O,1.0,0.92,,,1.42,-2
MgRuO3,Mg,Ru,O,2.0,0.89,,,1.42,-2
NaRuO3,Na,Ru,O,1.0,1.39,,,1.42,-2
NiRuO3,Ni,Ru,O,,,,,1.42,-2
NpRuO3,Np,Ru,O,,,,,1.42,-2
PmRuO3,Pm,Ru,O,3.0,1.144,,,1.42,-2
PrRuO3,Pr,Ru,O,,,,,1.42,-2
RbRuO3,Rb,Ru,O,1.0,1.72,,,1.42,-2
SrRuO3,Sr,Ru,O,2.0,1.44,,,1.42,-2
AgSbO3,Ag,Sb,O,,,,,1.42,-2
AlSbO3,Al,Sb,O,3.0,0.535,,,1.42,-2
BSbO3,B,Sb,O,3.0,0.27,,,1.42,-2
BeSbO3,Be,Sb,O,2.0,0.45,,,1.42,-2
BiSbO3,Bi,Sb,O,,,,,1.42,-2
CaSbO3,Ca,Sb,O,2.0,1.34,,,1.42,-2
CeSbO3,Ce,Sb,O,,,,,1.42,-2
CoSbO3,Co,Sb,O,,,,,1.42,-2
CsSbO3,Cs,Sb,O,1.0,1.88,,,1.42,-2
DySbO3,Dy,Sb,O,,,,,1.42,-2
EuSbO3,Eu,Sb,O,,,,,1.42,-2
HoSbO3,Ho,Sb,O,3.0,1.12,,,1.42,-2
InSbO3,In,Sb,O,3.0,0.92,,,1.42,-2
KSbO3,K,Sb,O,1.0,1.64,,,1.42,-2
LiSbO3,Li,Sb,O,1.0,0.92,,,1.42,-2
MgSbO3,Mg,Sb,O,2.0,0.89,,,1.42,-2
NaSbO3,Na,Sb,O,1.0,1.39,,,1.42,-2
NdSbO3,Nd,Sb,O,,,,,1.42,-2
NiSbO3,Ni,Sb,O,,,,,1.42,-2
PuSbO3,Pu,Sb,O,,,,,1.42,-2
RbSbO3,Rb,Sb,O,1.0,1.72,,,1.42,-2
ReSbO3,Re,Sb,O,,,,,1.42,-2
SmSbO3,Sm,Sb,O,,,,,1.42,-2
SrSbO3,Sr,Sb,O,2.0,1.44,,,1.42,-2
TlSbO3,Tl,Sb,O,,,,,1.42,-2
YSbO3,Y,Sb,O,3.0,1.075,,,1.42,-2
ZnSbO3,Zn,Sb,O,2.0,0.9,,,1.42,-2
AgSnO3,Ag,Sn,O,,,4.0,0.81,1.42,-2
AlSnO3,Al,Sn,O,3.0,0.535,4.0,0.81,1.42,-2
BaSnO3,Ba,Sn,O,2.0,1.61,4.0,0.81,1.42,-2
CaSnO3,Ca,Sn,O,2.0,1.34,4.0,0.81,1.42,-2
CdSnO3,Cd,Sn,O,2.0,1.31,4.0,0.81,1.42,-2
CoSnO3,Co,Sn,O,,,4.0,0.81,1.42,-2
CsSnO3,Cs,Sn,O,1.0,1.88,4.0,0.81,1.42,-2
DySnO3,Dy,Sn,O,,,4.0,0.81,1.42,-2
EuSnO3,Eu,Sn,O,,,4.0,0.81,1.42,-2
FeSnO3,Fe,Sn,O,,,4.0,0.81,1.42,-2
GaSnO3,Ga,Sn,O,3.0,0.62,4.0,0.81,1.42,-2
HfSnO3,Hf,Sn,O,4.0,0.83,4.0,0.81,1.42,-2
HoSnO3,Ho,Sn,O,3.0,1.12,4.0,0.81,1.42,-2
LaSnO3,La,Sn,O,3.0,1.36,4.0,0.81,1.42,-2
MgSnO3,Mg,Sn,O,2.0,0.89,4.0,0.81,1.42,-2
MnSnO3,Mn,Sn,O,,,4.0,0.81,1.42,-2
NiSnO3,Ni,Sn,O,,,4.0,0.81,1.42,-2
NpSnO3,Np,Sn,O,,,4.0,0.81,1.42,-2
RbSnO3,Rb,Sn,O,1.0,1.72,4.0,0.81,1.42,-2
ScSnO3,Sc,Sn,O,3.0,0.87,4.0,0.81,1.42,-2
SiSnO3,Si,Sn,O,4.0,0.4,4.0,0.81,1.42,-2
SrSnO3,Sr,Sn,O,2.0,1.44,4.0,0.81,1.42,-2
TaSnO3,Ta,Sn,O,,,4.0,0.81,1.42,-2
TcSnO3,Tc,Sn,O,,,4.0,0.81,1.42,-2
TiSnO3,Ti,Sn,O,,,4.0,0.81,1.42,-2
VSnO3,V,Sn,O,,,4.0,0.81,1.42,-2
YSnO3,Y,Sn,O,3.0,1.075,4.0,0.81,1.42,-2
YbSnO3,Yb,Sn,O,,,4.0,0.81,1.42,-2
ZnSnO3,Zn,Sn,O,2.0,0.9,4.0,0.81,1.42,-2
AlAgO3,Al,Ag,O,3.0,0.535,,,1.42,-2
BeAgO3,Be,Ag,O,2.0,0.45,,,1.42,-2
CoAgO3,Co,Ag,O,,,,,1.42,-2
EuAgO3,Eu,Ag,O,,,,,1.42,-2
FeAgO3,Fe,Ag,O,,,,,1.42,-2
KAgO3,K,Ag,O,1.0,1.64,,,1.42,-2
LaAgO3,La,Ag,O,3.0,1.36,,,1.42,-2
MnAgO3,Mn,Ag,O,,,,,1.42,-2
NaAgO3,Na,Ag,O,1.0,1.39,,,1.42,-2
NbAgO3,Nb,Ag,O,,,,,1.42,-2
PaAgO3,Pa,Ag,O,,,,,1.42,-2
RbAgO3,Rb,Ag,O,1.0,1.72,,,1.42,-2
ScAgO3,Sc,Ag,O,3.0,0.87,,,1.42,-2
SiAgO3,Si,Ag,O,4.0,0.4,,,1.42,-2
SmAgO3,Sm,Ag,O,,,,,1.42,-2
SrAgO3,Sr,Ag,O,2.0,1.44,,,1.42,-2
TaAgO3,Ta,Ag,O,,,,,1.42,-2
VAgO3,V,Ag,O,,,,,1.42,-2
YAgO3,Y,Ag,O,3.0,1.075,,,1.42,-2
AlCoO3,Al,Co,O,3.0,0.535,,,1.42,-2
BaCoO3,Ba,Co,O,2.0,1.61,,,1.42,-2
CaCoO3,Ca,Co,O,2.0,1.34,,,1.42,-2
CdCoO3,Cd,Co,O,2.0,1.31,,,1.42,-2
DyCoO3,Dy,Co,O,,,,,1.42,-2
ErCoO3,Er,Co,O,3.0,1.062,,,1.42,-2
EuCoO3,Eu,Co,O,,,,,1.42,-2
GdCoO3,Gd,Co,O,3.0,1.107,,,1.42,-2
HfCoO3,Hf,Co,O,4.0,0.83,,,1.42,-2
HoCoO3,Ho,Co,O,3.0,1.12,,,1.42,-2
InCoO3,In,Co,O,3.0,0.92,,,1.42,-2
KCoO3,K,Co,O,1.0,1.64,,,1.42,-2
LaCoO3,La,Co,O,3.0,1.36,,,1.42,-2
LuCoO3,Lu,Co,O,3.0,1.032,,,1.42,-2
MgCoO3,Mg,Co,O,2.0,0.89,,,1.42,-2
MnCoO3,Mn,Co,O,,,,,1.42,-2
NaCoO3,Na,Co,O,1.0,1.39,,,1.42,-2
NdCoO3,Nd,Co,O,,,,,1.42,-2
PaCoO3,Pa,Co,O,,,,,1.42,-2
PrCoO3,Pr,Co,O,,,,,1.42,-2
ScCoO3,Sc,Co,O,3.0,0.87,,,1.42,-2
SmCoO3,Sm,Co,O,,,,,1.42,-2
SrCoO3,Sr,Co,O,2.0,1.44,,,1.42,-2
TbCoO3,Tb,Co,O,,,,,1.42,-2
TiCoO3,Ti,Co,O,,,,,1.42,-2
TlCoO3,Tl,Co,O,,,,,1.42,-2
TmCoO3,Tm,Co,O,,,,,1.42,-2
VCoO3,V,Co,O,,,,,1.42,-2
YCoO3,Y,Co,O,3.0,1.075,,,1.42,-2
YbCoO3,Yb,Co,O,,,,,1.42,-2
ZnCoO3,Zn,Co,O,2.0,0.9,,,1.42,-2
ZrCoO3,Zr,Co,O,4.0,0.89,,,1.42,-2
AlInO3,Al,In,O,3.0,0.535,3.0,0.92,1.42,-2
BaInO3,Ba,In,O,2.0,1.61,3.0,0.92,1.42,-2
BeInO3,Be,In,O,2.0,0.45,3.0,0.92,1.42,-2
CaInO3,Ca,In,O,2.0,1.34,3.0,0.92,1.42,-2
CrInO3,Cr,In,O,,,3.0,0.92,1.42,-2
DyInO3,Dy,In,O,,,3.0,0.92,1.42,-2
ErInO3,Er,In,O,3.0,1.062,3.0,0.92,1.42,-2
EuInO3,Eu,In,O,,,3.0,0.92,1.42,-2
GdInO3,Gd,In,O,3.0,1.107,3.0,0.92,1.42,-2
HoInO3,Ho,In,O,3.0,1.12,3.0,0.92,1.42,-2
KInO3,K,In,O,1.0,1.64,3.0,0.92,1.42,-2
LaInO3,La,In,O,3.0,1.36,3.0,0.92,1.42,-2
MgInO3,Mg,In,O,2.0,0.89,3.0,0.92,1.42,-2
MnInO3,Mn,In,O,,,3.0,0.92,1.42,-2
NaInO3,Na,In,O,1.0,1.39,3.0,0.92,1.42,-2
NdInO3,Nd,In,O,,,3.0,0.92,1.42,-2
PmInO3,Pm,In,O,3.0,1.144,3.0,0.92,1.42,-2
PrInO3,Pr,In,O,,,3.0,0.92,1.42,-2
PuInO3,Pu,In,O,,,3.0,0.92,1.42,-2
RbInO3,Rb,In,O,1.0,1.72,3.0,0.92,1.42,-2
ScInO3,Sc,In,O,3.0,0.87,3.0,0.92,1.42,-2
SmInO3,Sm,In,O,,,3.0,0.92,1.42,-2
SrInO3,Sr,In,O,2.0,1.44,3.0,0.92,1.42,-2
TaInO3,Ta,In,O,,,3.0,0.92,1.42,-2
TbInO3,Tb,In,O,,,3.0,0.92,1.42,-2
TmInO3,Tm,In,O,,,3.0,0.92,1.42,-2
YInO3,Y,In,O,3.0,1.075,3.0,0.92,1.42,-2
YbInO3,Yb,In,O,,,3.0,0.92,1.42,-2
AlIrO3,Al,Ir,O,3.0,0.535,,,1.42,-2
BaIrO3,Ba,Ir,O,2.0,1.61,,,1.42,-2
BIrO3,B,Ir,O,3.0,0.27,,,1.42,-2
CaIrO3,Ca,Ir,O,2.0,1.34,,,1.42,-2
CdIrO3,Cd,Ir,O,2.0,1.31,,,1.42,-2
CsIrO3,Cs,Ir,O,1.0,1.88,,,1.42,-2
ErIrO3,Er,Ir,O,3.0,1.062,,,1.42,-2
EuIrO3,Eu,Ir,O,,,,,1.42,-2
KIrO3,K,Ir,O,1.0,1.64,,,1.42,-2
MgIrO3,Mg,Ir,O,2.0,0.89,,,1.42,-2
NaIrO3,Na,Ir,O,1.0,1.39,,,1.42,-2
PuIrO3,Pu,Ir,O,,,,,1.42,-2
RbIrO3,Rb,Ir,O,1.0,1.72,,,1.42,-2
SrIrO3,Sr,Ir,O,2.0,1.44,,,1.42,-2
UIrO3,U,Ir,O,,,,,1.42,-2
VIrO3,V,Ir,O,,,,,1.42,-2
ZnIrO3,Zn,Ir,O,2.0,0.9,,,1.42,-2
AlMoO3,Al,Mo,O,3.0,0.535,,,1.42,-2
BaMoO3,Ba,Mo,O,2.0,1.61,,,1.42,-2
BiMoO3,Bi,Mo,O,,,,,1.42,-2
CaMoO3,Ca,Mo,O,2.0,1.34,,,1.42,-2
CoMoO3,Co,Mo,O,,,,,1.42,-2
CrMoO3,Cr,Mo,O,,,,,1.42,-2
CsMoO3,Cs,Mo,O,1.0,1.88,,,1.42,-2
EuMoO3,Eu,Mo,O,,,,,1.42,-2
KMoO3,K,Mo,O,1.0,1.64,,,1.42,-2
MgMoO3,Mg,Mo,O,2.0,0.89,,,1.42,-2
NaMoO3,Na,Mo,O,1.0,1.39,,,1.42,-2
NiMoO3,Ni,Mo,O,,,,,1.42,-2
NpMoO3,Np,Mo,O,,,,,1.42,-2
RbMoO3,Rb,Mo,O,1.0,1.72,,,1.42,-2
SiMoO3,Si,Mo,O,4.0,0.4,,,1.42,-2
SrMoO3,Sr,Mo,O,2.0,1.44,,,1.42,-2
ThMoO3,Th,Mo,O,4.0,1.21,,,1.42,-2
YMoO3,Y,Mo,O,3.0,1.075,,,1.42,-2
ZnMoO3,Zn,Mo,O,2.0,0.9,,,1.42,-2
AlRhO3,Al,Rh,O,3.0,0.535,,,1.42,-2
BaRhO3,Ba,Rh,O,2.0,1.61,,,1.42,-2
BiRhO3,Bi,Rh,O,,,,,1.42,-2
CaRhO3,Ca,Rh,O,2.0,1.34,,,1.42,-2
CdRhO3,Cd,Rh,O,2.0,1.31,,,1.42,-2
CeRhO3,Ce,Rh,O,,,,,1.42,-2
CoRhO3,Co,Rh,O,,,,,1.42,-2
CrRhO3,Cr,Rh,O,,,,,1.42,-2
DyRhO3,Dy,Rh,O,,,,,1.42,-2
ErRhO3,Er,Rh,O,3.0,1.062,,,1.42,-2
EuRhO3,Eu,Rh,O,,,,,1.42,-2
FeRhO3,Fe,Rh,O,,,,,1.42,-2
GdRhO3,Gd,Rh,O,3.0,1.107,,,1.42,-2
HoRhO3,Ho,Rh,O,3.0,1.12,,,1.42,-2
InRhO3,In,Rh,O,3.0,0.92,,,1.42,-2
KRhO3,K,Rh,O,1.0,1.64,,,1.42,-2
LaRhO3,La,Rh,O,3.0,1.36,,,1.42,-2
LuRhO3,Lu,Rh,O,3.0,1.032,,,1.42,-2
MgRhO3,Mg,Rh,O,2.0,0.89,,,1.42,-2
NdRhO3,Nd,Rh,O,,,,,1.42,-2
PrRhO3,Pr,Rh,O,,,,,1.42,-2
RbRhO3,Rb,Rh,O,1.0,1.72,,,1.42,-2
ScRhO3,Sc,Rh,O,3.0,0.87,,,1.42,-2
SmRhO3,Sm,Rh,O,,,,,1.42,-2
SrRhO3,Sr,Rh,O,2.0,1.44,,,1.42,-2
TbRhO3,Tb,Rh,O,,,,,1.42,-2
TmRhO3,Tm,Rh,O,,,,,1.42,-2
YRhO3,Y,Rh,O,3.0,1.075,,,1.42,-2
YbRhO3,Yb,Rh,O,,,,,1.42,-2
ZnRhO3,Zn,Rh,O,2.0,0.9,,,1.42,-2
BaSO3,Ba,S,O,2.0,1.61,,,1.42,-2
CdSO3,Cd,S,O,2.0,1.31,,,1.42,-2
CsSO3,Cs,S,O,1.0,1.88,,,1.42,-2
FeSO3,Fe,S,O,,,,,1.42,-2
KSO3,K,S,O,1.0,1.64,,,1.42,-2
MgSO3,Mg,S,O,2.0,0.89,,,1.42,-2
MnSO3,Mn,S,O,,,,,1.42,-2
PbSO3,Pb,S,O,,,,,1.42,-2
RbSO3,Rb,S,O,1.0,1.72,,,1.42,-2
AlTlO3,Al,Tl,O,3.0,0.535,,,1.42,-2
BaTlO3,Ba,Tl,O,2.0,1.61,,,1.42,-2
CsTlO3,Cs,Tl,O,1.0,1.88,,,1.42,-2
ErTlO3,Er,Tl,O,3.0,1.062,,,1.42,-2
KTlO3,K,Tl,O,1.0,1.64,,,1.42,-2
LaTlO3,La,Tl,O,3.0,1.36,,,1.42,-2
LuTlO3,Lu,Tl,O,3.0,1.032,,,1.42,-2
MgTlO3,Mg,Tl,O,2.0,0.89,,,1.42,-2
MnTlO3,Mn,Tl,O,,,,,1.42,-2
NbTlO3,Nb,Tl,O,,,,,1.42,-2
PaTlO3,Pa,Tl,O,,,,,1.42,-2
PrTlO3,Pr,Tl,O,,,,,1.42,-2
PuTlO3,Pu,Tl,O,,,,,1.42,-2
RbTlO3,Rb,Tl,O,1.0,1.72,,,1.42,-2
ScTlO3,Sc,Tl,O,3.0,0.87,,,1.42,-2
SmTlO3,Sm,Tl,O,,,,,1.42,-2
SrTlO3,Sr,Tl,O,2.0,1.44,,,1.42,-2
TaTlO3,Ta,Tl,O,,,,,1.42,-2
TmTlO3,Tm,Tl,O,,,,,1.42,-2
UTlO3,U,Tl,O,,,,,1.42,-2
ZrTlO3,Zr,Tl,O,4.0,0.89,,,1.42,-2
AlWO3,Al,W,O,3.0,0.535,,,1.42,-2
BaWO3,Ba,W,O,2.0,1.61,,,1.42,-2
CaWO3,Ca,W,O,2.0,1.34,,,1.42,-2
CrWO3,Cr,W,O,,,,,1.42,-2
EuWO3,Eu,W,O,,,,,1.42,-2
KWO3,K,W,O,1.0,1.64,,,1.42,-2
MgWO3,Mg,W,O,2.0,0.89,,,1.42,-2
NaWO3,Na,W,O,1.0,1.39,,,1.42,-2
PmWO3,Pm,W,O,3.0,1.144,,,1.42,-2
RbWO3,Rb,W,O,1.0,1.72,,,1.42,-2
SrWO3,Sr,W,O,2.0,1.44,,,1.42,-2
ThWO3,Th,W,O,4.0,1.21,,,1.42,-2
TlWO3,Tl,W,O,,,,,1.42,-2
YWO3,Y,W,O,3.0,1.075,,,1.42,-2
YbWO3,Yb,W,O,,,,,1.42,-2
ZnWO3,Zn,W,O,2.0,0.9,,,1.42,-2
BaBeO3,Ba,Be,O,2.0,1.61,2.0,0.45,1.42,-2
CaBeO3,Ca,Be,O,2.0,1.34,2.0,0.45,1.42,-2
CeBeO3,Ce,Be,O,,,2.0,0.45,1.42,-2
ErBeO3,Er,Be,O,3.0,1.062,2.0,0.45,1.42,-2
EuBeO3,Eu,Be,O,,,2.0,0.45,1.42,-2
GdBeO3,Gd,Be,O,3.0,1.107,2.0,0.45,1.42,-2
HfBeO3,Hf,Be,O,4.0,0.83,2.0,0.45,1.42,-2
HoBeO3,Ho,Be,O,3.0,1.12,2.0,0.45,1.42,-2
KBeO3,K,Be,O,1.0,1.64,2.0,0.45,1.42,-2
LaBeO3,La,Be,O,3.0,1.36,2.0,0.45,1.42,-2
LiBeO3,Li,Be,O,1.0,0.92,2.0,0.45,1.42,-2
MgBeO3,Mg,Be,O,2.0,0.89,2.0,0.45,1.42,-2
NaBeO3,Na,Be,O,1.0,1.39,2.0,0.45,1.42,-2
NdBeO3,Nd,Be,O,,,2.0,0.45,1.42,-2
NpBeO3,Np,Be,O,,,2.0,0.45,1.42,-2
PaBeO3,Pa,Be,O,,,2.0,0.45,1.42,-2
PmBeO3,Pm,Be,O,3.0,1.144,2.0,0.45,1.42,-2
PrBeO3,Pr,Be,O,,,2.0,0.45,1.42,-2
RbBeO3,Rb,Be,O,1.0,1.72,2.0,0.45,1.42,-2
SmBeO3,Sm,Be,O,,,2.0,0.45,1.42,-2
SrBeO3,Sr,Be,O,2.0,1.44,2.0,0.45,1.42,-2
TaBeO3,Ta,Be,O,,,2.0,0.45,1.42,-2
TbBeO3,Tb,Be,O,,,2.0,0.45,1.42,-2
ThBeO3,Th,Be,O,4.0,1.21,2.0,0.45,1.42,-2
TiBeO3,Ti,Be,O,,,2.0,0.45,1.42,-2
TmBeO3,Tm,Be,O,,,2.0,0.45,1.42,-2
UBeO3,U,Be,O,,,2.0,0.45,1.42,-2
YbBeO3,Yb,Be,O,,,2.0,0.45,1.42,-2
ZrBeO3,Zr,Be,O,4.0,0.89,2.0,0.45,1.42,-2
BaCaO3,Ba,Ca,O,2.0,1.61,2.0,1.34,1.42,-2
CsCaO3,Cs,Ca,O,1.0,1.88,2.0,1.34,1.42,-2
KCaO3,K,Ca,O,1.0,1.64,2.0,1.34,1.42,-2
LiCaO3,Li,Ca,O,1.0,0.92,2.0,1.34,1.42,-2
NaCaO3,Na,Ca,O,1.0,1.39,2.0,1.34,1.42,-2
RbCaO3,Rb,Ca,O,1.0,1.72,2.0,1.34,1.42,-2
SrCaO3,Sr,Ca,O,2.0,1.44,2.0,1.34,1.42,-2
BaCdO3,Ba,Cd,O,2.0,1.61,2.0,1.31,1.42,-2
BeCdO3,Be,Cd,O,2.0,0.45,2.0,1.31,1.42,-2
CeCdO3,Ce,Cd,O,,,2.0,1.31,1.42,-2
CsCdO3,Cs,Cd,O,1.0,1.88,2.0,1.31,1.42,-2
EuCdO3,Eu,Cd,O,,,2.0,1.31,1.42,-2
GdCdO3,Gd,Cd,O,3.0,1.107,2.0,1.31,1.42,-2
HfCdO3,Hf,Cd,O,4.0,0.83,2.0,1.31,1.42,-2
KCdO3,K,Cd,O,1.0,1.64,2.0,1.31,1.42,-2
LaCdO3,La,Cd,O,3.0,1.36,2.0,1.31,1.42,-2
LiCdO3,Li,Cd,O,1.0,0.92,2.0,1.31,1.42,-2
MnCdO3,Mn,Cd,O,,,2.0,1.31,1.42,-2
NaCdO3,Na,Cd,O,1.0,1.39,2.0,1.31,1.42,-2
RbCdO3,Rb,Cd,O,1.0,1.72,2.0,1.31,1.42,-2
TiCdO3,Ti,Cd,O,,,2.0,1.31,1.42,-2
VCdO3,V,Cd,O,,,2.0,1.31,1.42,-2
YbCdO3,Yb,Cd,O,,,2.0,1.31,1.42,-2
ZrCdO3,Zr,Cd,O,4.0,0.89,2.0,1.31,1.42,-2
BaCeO3,Ba,Ce,O,2.0,1.61,,,1.42,-2
CaCeO3,Ca,Ce,O,2.0,1.34,,,1.42,-2
LiCeO3,Li,Ce,O,1.0,0.92,,,1.42,-2
SrCeO3,Sr,Ce,O,2.0,1.44,,,1.42,-2
YbCeO3,Yb,Ce,O,,,,,1.42,-2
BaDyO3,Ba,Dy,O,2.0,1.61,,,1.42,-2
KDyO3,K,Dy,O,1.0,1.64,,,1.42,-2
LaDyO3,La,Dy,O,3.0,1.36,,,1.42,-2
LiDyO3,Li,Dy,O,1.0,0.92,,,1.42,-2
RbDyO3,Rb,Dy,O,1.0,1.72,,,1.42,-2
SmDyO3,Sm,Dy,O,,,,,1.42,-2
SrDyO3,Sr,Dy,O,2.0,1.44,,,1.42,-2
BaErO3,Ba,Er,O,2.0,1.61,,,1.42,-2
DyErO3,Dy,Er,O,,,,,1.42,-2
EuErO3,Eu,Er,O,,,,,1.42,-2
GdErO3,Gd,Er,O,3.0,1.107,,,1.42,-2
HoErO3,Ho,Er,O,3.0,1.12,,,1.42,-2
KErO3,K,Er,O,1.0,1.64,,,1.42,-2
LaErO3,La,Er,O,3.0,1.36,,,1.42,-2
LiErO3,Li,Er,O,1.0,0.92,,,1.42,-2
PmErO3,Pm,Er,O,3.0,1.144,,,1.42,-2
RbErO3,Rb,Er,O,1.0,1.72,,,1.42,-2
SmErO3,Sm,Er,O,,,,,1.42,-2
SrErO3,Sr,Er,O,2.0,1.44,,,1.42,-2
TbErO3,Tb,Er,O,,,,,1.42,-2
YErO3,Y,Er,O,3.0,1.075,,,1.42,-2
BaEuO3,Ba,Eu,O,2.0,1.61,3.0,1.062,1.42,-2
CsEuO3,Cs,Eu,O,1.0,1.88,3.0,1.062,1.42,-2
LiEuO3,Li,Eu,O,1.0,0.92,3.0,1.062,1.42,-2
PmEuO3,Pm,Eu,O,3.0,1.144,3.0,1.062,1.42,-2
SrEuO3,Sr,Eu,O,2.0,1.44,3.0,1.062,1.42,-2
YbEuO3,Yb,Eu,O,,,3.0,1.062,1.42,-2
BaHfO3,Ba,Hf,O,2.0,1.61,4.0,0.83,1.42,-2
CaHfO3,Ca,Hf,O,2.0,1.34,4.0,0.83,1.42,-2
EuHfO3,Eu,Hf,O,,,4.0,0.83,1.42,-2
KHfO3,K,Hf,O,1.0,1.64,4.0,0.83,1.42,-2
PrHfO3,Pr,Hf,O,,,4.0,0.83,1.42,-2
SrHfO3,Sr,Hf,O,2.0,1.44,4.0,0.83,1.42,-2
YbHfO3,Yb,Hf,O,,,4.0,0.83,1.42,-2
BaLiO3,Ba,Li,O,2.0,1.61,1.0,0.92,1.42,-2
KLiO3,K,Li,O,1.0,1.64,1.0,0.92,1.42,-2
NaLiO3,Na,Li,O,1.0,1.39,1.0,0.92,1.42,-2
RbLiO3,Rb,Li,O,1.0,1.72,1.0,0.92,1.42,-2
SrLiO3,Sr,Li,O,2.0,1.44,1.0,0.92,1.42,-2
BaNbO3,Ba,Nb,O,2.0,1.61,,,1.42,-2
CaNbO3,Ca,Nb,O,2.0,1.34,,,1.42,-2
CsNbO3,Cs,Nb,O,1.0,1.88,,,1.42,-2
EuNbO3,Eu,Nb,O,,,,,1.42,-2
KNbO3,K,Nb,O,1.0,1.64,,,1.42,-2
LiNbO3,Li,Nb,O,1.0,0.92,,,1.42,-2
NaNbO3,Na,Nb,O,1.0,1.39,,,1.42,-2
PrNbO3,Pr,Nb,O,,,,,1.42,-2
RbNbO3,Rb,Nb,O,1.0,1.72,,,1.42,-2
SrNbO3,Sr,Nb,O,2.0,1.44,,,1.42,-2
YbNbO3,Yb,Nb,O,,,,,1.42,-2
BaNdO3,Ba,Nd,O,2.0,1.61,,,1.42,-2
CsNdO3,Cs,Nd,O,1.0,1.88,,,1.42,-2
LiNdO3,Li,Nd,O,1.0,0.92,,,1.42,-2
SrNdO3,Sr,Nd,O,2.0,1.44,,,1.42,-2
YbNdO3,Yb,Nd,O,,,,,1.42,-2
BaNpO3,Ba,Np,O,2.0,1.61,,,1.42,-2
CsNpO3,Cs,Np,O,1.0,1.88,,,1.42,-2
EuNpO3,Eu,Np,O,,,,,1.42,-2
HfNpO3,Hf,Np,O,4.0,0.83,,,1.42,-2
KNpO3,K,Np,O,1.0,1.64,,,1.42,-2
LuNpO3,Lu,Np,O,3.0,1.032,,,1.42,-2
NdNpO3,Nd,Np,O,,,,,1.42,-2
RbNpO3,Rb,Np,O,1.0,1.72,,,1.42,-2
BaOsO3,Ba,Os,O,2.0,1.61,,,1.42,-2
BOsO3,B,Os,O,3.0,0.27,,,1.42,-2
BeOsO3,Be,Os,O,2.0,0.45,,,1.42,-2
CaOsO3,Ca,Os,O,2.0,1.34,,,1.42,-2
CdOsO3,Cd,Os,O,2.0,1.31,,,1.42,-2
CsOsO3,Cs,Os,O,1.0,1.88,,,1.42,-2
EuOsO3,Eu,Os,O,,,,,1.42,-2
InOsO3,In,Os,O,3.0,0.92,,,1.42,-2
KOsO3,K,Os,O,1.0,1.64,,,1.42,-2
LiOsO3,Li,Os,O,1.0,0.92,,,1.42,-2
MgOsO3,Mg,Os,O,2.0,0.89,,,1.42,-2
NaOsO3,Na,Os,O,1.0,1.39,,,1.42,-2
NpOsO3,Np,Os,O,,,,,1.42,-2
PaOsO3,Pa,Os,O,,,,,1.42,-2
RbOsO3,Rb,Os,O,1.0,1.72,,,1.42,-2
SrOsO3,Sr,Os,O,2.0,1.44,,,1.42,-2
TbOsO3,Tb,Os,O,,,,,1.42,-2
VOsO3,V,Os,O,,,,,1.42,-2
YOsO3,Y,Os,O,3.0,1.075,,,1.42,-2
ZnOsO3,Zn,Os,O,2.0,0.9,,,1.42,-2
ZrOsO3,Zr,Os,O,4.0,0.89,,,1.42,-2
BaPaO3,Ba,Pa,O,2.0,1.61,,,1.42,-2
CsPaO3,Cs,Pa,O,1.0,1.88,,,1.42,-2
DyPaO3,Dy,Pa,O,,,,,1.42,-2
KPaO3,K,Pa,O,1.0,1.64,,,1.42,-2
LiPaO3,Li,Pa,O,1.0,0.92,,,1.42,-2
NaPaO3,Na,Pa,O,1.0,1.39,,,1.42,-2
RbPaO3,Rb,Pa,O,1.0,1.72,,,1.42,-2
BaPrO3,Ba,Pr,O,2.0,1.61,,,1.42,-2
CaPrO3,Ca,Pr,O,2.0,1.34,,,1.42,-2
CsPrO3,Cs,Pr,O,1.0,1.88,,,1.42,-2
LiPrO3,Li,Pr,O,1.0,0.92,,,1.42,-2
SrPrO3,Sr,Pr,O,2.0,1.44,,,1.42,-2
YbPrO3,Yb,Pr,O,,,,,1.42,-2
BaPtO3,Ba,Pt,O,2.0,1.61,,,1.42,-2
BPtO3,B,Pt,O,3.0,0.27,,,1.42,-2
BePtO3,Be,Pt,O,2.0,0.45,,,1.42,-2
BiPtO3,Bi,Pt,O,,,,,1.42,-2
CaPtO3,Ca,Pt,O,2.0,1.34,,,1.42,-2
EuPtO3,Eu,Pt,O,,,,,1.42,-2
InPtO3,In,Pt,O,3.0,0.92,,,1.42,-2
KPtO3,K,Pt,O,1.0,1.64,,,1.42,-2
LaPtO3,La,Pt,O,3.0,1.36,,,1.42,-2
NiPtO3,Ni,Pt,O,,,,,1.42,-2
PuPtO3,Pu,Pt,O,,,,,1.42,-2
RbPtO3,Rb,Pt,O,1.0,1.72,,,1.42,-2
SrPtO3,Sr,Pt,O,2.0,1.44,,,1.42,-2
VPtO3,V,Pt,O,,,,,1.42,-2
YbPtO3,Yb,Pt,O,,,,,1.42,-2
BaPuO3,Ba,Pu,O,2.0,1.61,,,1.42,-2
CePuO3,Ce,Pu,O,,,,,1.42,-2
CsPuO3,Cs,Pu,O,1.0,1.88,,,1.42,-2
KPuO3,K,Pu,O,1.0,1.64,,,1.42,-2
NaPuO3,Na,Pu,O,1.0,1.39,,,1.42,-2
RbPuO3,Rb,Pu,O,1.0,1.72,,,1.42,-2
SmPuO3,Sm,Pu,O,,,,,1.42,-2
SrPuO3,Sr,Pu,O,2.0,1.44,,,1.42,-2
YbPuO3,Yb,Pu,O,,,,,1.42,-2
BaReO3,Ba,Re,O,2.0,1.61,,,1.42,-2
BeReO3,Be,Re,O,2.0,0.45,,,1.42,-2
EuReO3,Eu,Re,O,,,,,1.42,-2
KReO3,K,Re,O,1.0,1.64,,,1.42,-2
LiReO3,Li,Re,O,1.0,0.92,,,1.42,-2
LuReO3,Lu,Re,O,3.0,1.032,,,1.42,-2
MgReO3,Mg,Re,O,2.0,0.89,,,1.42,-2
NaReO3,Na,Re,O,1.0,1.39,,,1.42,-2
NdReO3,Nd,Re,O,,,,,1.42,-2
RbReO3,Rb,Re,O,1.0,1.72,,,1.42,-2
SrReO3,Sr,Re,O,2.0,1.44,,,1.42,-2
ThReO3,Th,Re,O,4.0,1.21,,,1.42,-2
UReO3,U,Re,O,,,,,1.42,-2
YbReO3,Yb,Re,O,,,,,1.42,-2
BaSeO3,Ba,Se,O,2.0,1.61,,,1.42,-2
CaSeO3,Ca,Se,O,2.0,1.34,,,1.42,-2
CdSeO3,Cd,Se,O,2.0,1.31,,,1.42,-2
CoSeO3,Co,Se,O,,,,,1.42,-2
CuSeO3,Cu,Se,O,,,,,1.42,-2
DySeO3,Dy,Se,O,,,,,1.42,-2
EuSeO3,Eu,Se,O,,,,,1.42,-2
LiSeO3,Li,Se,O,1.0,0.92,,,1.42,-2
LuSeO3,Lu,Se,O,3.0,1.032,,,1.42,-2
MgSeO3,Mg,Se,O,2.0,0.89,,,1.42,-2
MnSeO3,Mn,Se,O,,,,,1.42,-2
NaSeO3,Na,Se,O,1.0,1.39,,,1.42,-2
NiSeO3,Ni,Se,O,,,,,1.42,-2
PbSeO3,Pb,Se,O,,,,,1.42,-2
PdSeO3,Pd,Se,O,,,,,1.42,-2
RbSeO3,Rb,Se,O,1.0,1.72,,,1.42,-2
SrSeO3,Sr,Se,O,2.0,1.44,,,1.42,-2
TmSeO3,Tm,Se,O,,,,,1.42,-2
YSeO3,Y,Se,O,3.0,1.075,,,1.42,-2
ZnSeO3,Zn,Se,O,2.0,0.9,,,1.42,-2
BaTaO3,Ba,Ta,O,2.0,1.61,,,1.42,-2
CeTaO3,Ce,Ta,O,,,,,1.42,-2
CsTaO3,Cs,Ta,O,1.0,1.88,,,1.42,-2
ErTaO3,Er,Ta,O,3.0,1.062,,,1.42,-2
KTaO3,K,Ta,O,1.0,1.64,,,1.42,-2
LaTaO3,La,Ta,O,3.0,1.36,,,1.42,-2
LiTaO3,Li,Ta,O,1.0,0.92,,,1.42,-2
NaTaO3,Na,Ta,O,1.0,1.39,,,1.42,-2
NdTaO3,Nd,Ta,O,,,,,1.42,-2
NpTaO3,Np,Ta,O,,,,,1.42,-2
PaTaO3,Pa,Ta,O,,,,,1.42,-2
RbTaO3,Rb,Ta,O,1.0,1.72,,,1.42,-2
SrTaO3,Sr,Ta,O,2.0,1.44,,,1.42,-2
YbTaO3,Yb,Ta,O,,,,,1.42,-2
BaTbO3,Ba,Tb,O,2.0,1.61,,,1.42,-2
CsTbO3,Cs,Tb,O,1.0,1.88,,,1.42,-2
KTbO3,K,Tb,O,1.0,1.64,,,1.42,-2
RbTbO3,Rb,Tb,O,1.0,1.72,,,1.42,-2
SrTbO3,Sr,Tb,O,2.0,1.44,,,1.42,-2
BaTcO3,Ba,Tc,O,2.0,1.61,,,1.42,-2
CaTcO3,Ca,Tc,O,2.0,1.34,,,1.42,-2
CdTcO3,Cd,Tc,O,2.0,1.31,,,1.42,-2
CrTcO3,Cr,Tc,O,,,,,1.42,-2
EuTcO3,Eu,Tc,O,,,,,1.42,-2
KTcO3,K,Tc,O,1.0,1.64,,,1.42,-2
LiTcO3,Li,Tc,O,1.0,0.92,,,1.42,-2
NaTcO3,Na,Tc,O,1.0,1.39,,,1.42,-2
NpTcO3,Np,Tc,O,,,,,1.42,-2
SrTcO3,Sr,Tc,O,2.0,1.44,,,1.42,-2
TlTcO3,Tl,Tc,O,,,,,1.42,-2
UTcO3,U,Tc,O,,,,,1.42,-2
YbTcO3,Yb,Tc,O,,,,,1.42,-2
BaThO3,Ba,Th,O,2.0,1.61,4.0,1.21,1.42,-2
CsThO3,Cs,Th,O,1.0,1.88,4.0,1.21,1.42,-2
GdThO3,Gd,Th,O,3.0,1.107,4.0,1.21,1.42,-2
HfThO3,Hf,Th,O,4.0,0.83,4.0,1.21,1.42,-2
BaTmO3,Ba,Tm,O,2.0,1.61,,,1.42,-2
CaTmO3,Ca,Tm,O,2.0,1.34,,,1.42,-2
CeTmO3,Ce,Tm,O,,,,,1.42,-2
DyTmO3,Dy,Tm,O,,,,,1.42,-2
EuTmO3,Eu,Tm,O,,,,,1.42,-2
GdTmO3,Gd,Tm,O,3.0,1.107,,,1.42,-2
HoTmO3,Ho,Tm,O,3.0,1.12,,,1.42,-2
KTmO3,K,Tm,O,1.0,1.64,,,1.42,-2
LaTmO3,La,Tm,O,3.0,1.36,,,1.42,-2
LiTmO3,Li,Tm,O,1.0,0.92,,,1.42,-2
RbTmO3,Rb,Tm,O,1.0,1.72,,,1.42,-2
SmTmO3,Sm,Tm,O,,,,,1.42,-2
SrTmO3,Sr,Tm,O,2.0,1.44,,,1.42,-2
TbTmO3,Tb,Tm,O,,,,,1.42,-2
YTmO3,Y,Tm,O,3.0,1.075,,,1.42,-2
YbTmO3,Yb,Tm,O,,,,,1.42,-2
BaUO3,Ba,U,O,2.0,1.61,,,1.42,-2
CsUO3,Cs,U,O,1.0,1.88,,,1.42,-2
EuUO3,Eu,U,O,,,,,1.42,-2
KUO3,K,U,O,1.0,1.64,,,1.42,-2
LiUO3,Li,U,O,1.0,0.92,,,1.42,-2
LuUO3,Lu,U,O,3.0,1.032,,,1.42,-2
MgUO3,Mg,U,O,2.0,0.89,,,1.42,-2
NaUO3,Na,U,O,1.0,1.39,,,1.42,-2
RbUO3,Rb,U,O,1.0,1.72,,,1.42,-2
BaYbO3,Ba,Yb,O,2.0,1.61,,,1.42,-2
CsYbO3,Cs,Yb,O,1.0,1.88,,,1.42,-2
KYbO3,K,Yb,O,1.0,1.64,,,1.42,-2
LaYbO3,La,Yb,O,3.0,1.36,,,1.42,-2
LiYbO3,Li,Yb,O,1.0,0.92,,,1.42,-2
NaYbO3,Na,Yb,O,1.0,1.39,,,1.42,-2
RbYbO3,Rb,Yb,O,1.0,1.72,,,1.42,-2
SrYbO3,Sr,Yb,O,2.0,1.44,,,1.42,-2
BaZnO3,Ba,Zn,O,2.0,1.61,2.0,0.9,1.42,-2
BeZnO3,Be,Zn,O,2.0,0.45,2.0,0.9,1.42,-2
CaZnO3,Ca,Zn,O,2.0,1.34,2.0,0.9,1.42,-2
ErZnO3,Er,Zn,O,3.0,1.062,2.0,0.9,1.42,-2
HfZnO3,Hf,Zn,O,4.0,0.83,2.0,0.9,1.42,-2
KZnO3,K,Zn,O,1.0,1.64,2.0,0.9,1.42,-2
LaZnO3,La,Zn,O,3.0,1.36,2.0,0.9,1.42,-2
MgZnO3,Mg,Zn,O,2.0,0.89,2.0,0.9,1.42,-2
MnZnO3,Mn,Zn,O,,,2.0,0.9,1.42,-2
NaZnO3,Na,Zn,O,1.0,1.39,2.0,0.9,1.42,-2
RbZnO3,Rb,Zn,O,1.0,1.72,2.0,0.9,1.42,-2
SrZnO3,Sr,Zn,O,2.0,1.44,2.0,0.9,1.42,-2
TiZnO3,Ti,Zn,O,,,2.0,0.9,1.42,-2
VZnO3,V,Zn,O,,,2.0,0.9,1.42,-2
YbZnO3,Yb,Zn,O,,,2.0,0.9,1.42,-2
ZrZnO3,Zr,Zn,O,4.0,0.89,2.0,0.9,1.42,-2
BaZrO3,Ba,Zr,O,2.0,1.61,4.0,0.89,1.42,-2
CaZrO3,Ca,Zr,O,2.0,1.34,4.0,0.89,1.42,-2
EuZrO3,Eu,Zr,O,,,4.0,0.89,1.42,-2
GdZrO3,Gd,Zr,O,3.0,1.107,4.0,0.89,1.42,-2
KZrO3,K,Zr,O,1.0,1.64,4.0,0.89,1.42,-2
LaZrO3,La,Zr,O,3.0,1.36,4.0,0.89,1.42,-2
MgZrO3,Mg,Zr,O,2.0,0.89,4.0,0.89,1.42,-2
NdZrO3,Nd,Zr,O,,,4.0,0.89,1.42,-2
SrZrO3,Sr,Zr,O,2.0,1.44,4.0,0.89,1.42,-2
YZrO3,Y,Zr,O,3.0,1.075,4.0,0.89,1.42,-2
CaHoO3,Ca,Ho,O,2.0,1.34,3.0,1.12,1.42,-2
DyHoO3,Dy,Ho,O,,,3.0,1.12,1.42,-2
KHoO3,K,Ho,O,1.0,1.64,3.0,1.12,1.42,-2
LaHoO3,La,Ho,O,3.0,1.36,3.0,1.12,1.42,-2
LiHoO3,Li,Ho,O,1.0,0.92,3.0,1.12,1.42,-2
RbHoO3,Rb,Ho,O,1.0,1.72,3.0,1.12,1.42,-2
SmHoO3,Sm,Ho,O,,,3.0,1.12,1.42,-2
SrHoO3,Sr,Ho,O,2.0,1.44,3.0,1.12,1.42,-2
TbHoO3,Tb,Ho,O,,,3.0,1.12,1.42,-2
YHoO3,Y,Ho,O,3.0,1.075,3.0,1.12,1.42,-2
CaLaO3,Ca,La,O,2.0,1.34,3.0,1.36,1.42,-2
CsLaO3,Cs,La,O,1.0,1.88,3.0,1.36,1.42,-2
LiLaO3,Li,La,O,1.0,0.92,3.0,1.36,1.42,-2
CaYO3,Ca,Y,O,2.0,1.34,3.0,1.075,1.42,-2
DyYO3,Dy,Y,O,,,3.0,1.075,1.42,-2
KYO3,K,Y,O,1.0,1.64,3.0,1.075,1.42,-2
LaYO3,La,Y,O,3.0,1.36,3.0,1.075,1.42,-2
LiYO3,Li,Y,O,1.0,0.92,3.0,1.075,1.42,-2
RbYO3,Rb,Y,O,1.0,1.72,3.0,1.075,1.42,-2
SmYO3,Sm,Y,O,,,3.0,1.075,1.42,-2
CeLuO3,Ce,Lu,O,,,3.0,1.032,1.42,-2
DyLuO3,Dy,Lu,O,,,3.0,1.032,1.42,-2
ErLuO3,Er,Lu,O,3.0,1.062,3.0,1.032,1.42,-2
EuLuO3,Eu,Lu,O,,,3.0,1.032,1.42,-2
GdLuO3,Gd,Lu,O,3.0,1.107,3.0,1.032,1.42,-2
HoLuO3,Ho,Lu,O,3.0,1.12,3.0,1.032,1.42,-2
KLuO3,K,Lu,O,1.0,1.64,3.0,1.032,1.42,-2
LaLuO3,La,Lu,O,3.0,1.36,3.0,1.032,1.42,-2
LiLuO3,Li,Lu,O,1.0,0.92,3.0,1.032,1.42,-2
NdLuO3,Nd,Lu,O,,,3.0,1.032,1.42,-2
PrLuO3,Pr,Lu,O,,,3.0,1.032,1.42,-2
SmLuO3,Sm,Lu,O,,,3.0,1.032,1.42,-2
TbLuO3,Tb,Lu,O,,,3.0,1.032,1.42,-2
YLuO3,Y,Lu,O,3.0,1.075,3.0,1.032,1.42,-2
CsAcO3,Cs,Ac,O,1.0,1.88,3.0,1.12,1.42,-2
KAcO3,K,Ac,O,1.0,1.64,3.0,1.12,1.42,-2
LiAcO3,Li,Ac,O,1.0,0.92,3.0,1.12,1.42,-2
RbAcO3,Rb,Ac,O,1.0,1.72,3.0,1.12,1.42,-2
CsBaO3,Cs,Ba,O,1.0,1.88,2.0,1.61,1.42,-2
KBaO3,K,Ba,O,1.0,1.64,2.0,1.61,1.42,-2
RbBaO3,Rb,Ba,O,1.0,1.72,2.0,1.61,1.42,-2
CsGdO3,Cs,Gd,O,1.0,1.88,3.0,1.107,1.42,-2
KGdO3,K,Gd,O,1.0,1.64,3.0,1.107,1.42,-2
LiGdO3,Li,Gd,O,1.0,0.92,3.0,1.107,1.42,-2
RbGdO3,Rb,Gd,O,1.0,1.72,3.0,1.107,1.42,-2
TbGdO3,Tb,Gd,O,,,3.0,1.107,1.42,-2
CsKO3,Cs,K,O,1.0,1.88,1.0,1.64,1.42,-2
CsNaO3,Cs,Na,O,1.0,1.88,1.0,1.39,1.42,-2
KNaO3,K,Na,O,1.0,1.64,1.0,1.39,1.42,-2
RbNaO3,Rb,Na,O,1.0,1.72,1.0,1.39,1.42,-2
CsRbO3,Cs,Rb,O,1.0,1.88,1.0,1.72,1.42,-2
KRbO3,K,Rb,O,1.0,1.64,1.0,1.72,1.42,-2
CsSmO3,Cs,Sm,O,1.0,1.88,,,1.42,-2
LaSmO3,La,Sm,O,3.0,1.36,,,1.42,-2
LiSmO3,Li,Sm,O,1.0,0.92,,,1.42,-2
RbSmO3,Rb,Sm,O,1.0,1.72,,,1.42,-2
TbSmO3,Tb,Sm,O,,,,,1.42,-2
YbSmO3,Yb,Sm,O,,,,,1.42,-2
CsSrO3,Cs,Sr,O,1.0,1.88,2.0,1.44,1.42,-2
KSrO3,K,Sr,O,1.0,1.64,2.0,1.44,1.42,-2
NaSrO3,Na,Sr,O,1.0,1.39,2.0,1.44,1.42,-2
RbSrO3,Rb,Sr,O,1.0,1.72,2.0,1.44,1.42,-2
LiPmO3,Li,Pm,O,1.0,0.92,3.0,1.144,1.42,-2
KAlH3,K,Al,H,1.0,1.64,3.0,0.535,2.08,-1
SrAlH3,Sr,Al,H,2.0,1.44,3.0,0.535,2.08,-1
KCuH3,K,Cu,H,1.0,1.64,,,2.08,-1
CsMgH3,Cs,Mg,H,1.0,1.88,2.0,0.89,2.08,-1
KMgH3,K,Mg,H,1.0,1.64,2.0,0.89,2.08,-1
LiMgH3,Li,Mg,H,1.0,0.92,2.0,0.89,2.08,-1
NaMgH3,Na,Mg,H,1.0,1.39,2.0,0.89,2.08,-1
RbMgH3,Rb,Mg,H,1.0,1.72,2.0,0.89,2.08,-1
CaNiH3,Ca,Ni,H,2.0,1.34,,,2.08,-1
MgNiH3,Mg,Ni,H,2.0,0.89,,,2.08,-1
YbNiH3,Yb,Ni,H,,,,,2.08,-1
ZrNiH3,Zr,Ni,H,4.0,0.89,,,2.08,-1
CaPdH3,Ca,Pd,H,2.0,1.34,,,2.08,-1
EuPdH3,Eu,Pd,H,,,,,2.08,-1
SrPdH3,Sr,Pd,H,2.0,1.44,,,2.08,-1
YbPdH3,Yb,Pd,H,,,,,2.08,-1
KSiH3,K,Si,H,1.0,1.64,4.0,0.4,2.08,-1
CBrH3,C,Br,H,4.0,0.16,,,2.08,-1
CClH3,C,Cl,H,4.0,0.16,,,2.08,-1
GeClH3,Ge,Cl,H,,,,,2.08,-1
CIH3,C,I,H,4.0,0.16,,,2.08,-1
ZrCoH3,Zr,Co,H,4.0,0.89,,,2.08,-1
RbInH3,Rb,In,H,1.0,1.72,3.0,0.92,2.08,-1
CSH3,C,S,H,4.0,0.16,,,2.08,-1
CsBeH3,Cs,Be,H,1.0,1.88,2.0,0.45,2.08,-1
KBeH3,K,Be,H,1.0,1.64,2.0,0.45,2.08,-1
LiBeH3,Li,Be,H,1.0,0.92,2.0,0.45,2.08,-1
NaBeH3,Na,Be,H,1.0,1.39,2.0,0.45,2.08,-1
RbBeH3,Rb,Be,H,1.0,1.72,2.0,0.45,2.08,-1
CsCaH3,Cs,Ca,H,1.0,1.88,2.0,1.34,2.08,-1
KCaH3,K,Ca,H,1.0,1.64,2.0,1.34,2.08,-1
LiCaH3,Li,Ca,H,1.0,0.92,2.0,1.34,2.08,-1
NaCaH3,Na,Ca,H,1.0,1.39,2.0,1.34,2.08,-1
RbCaH3,Rb,Ca,H,1.0,1.72,2.0,1.34,2.08,-1
LiEuH3,Li,Eu,H,1.0,0.92,3.0,1.062,2.08,-1
BaLiH3,Ba,Li,H,2.0,1.61,1.0,0.92,2.08,-1
SrLiH3,Sr,Li,H,2.0,1.44,1.0,0.92,2.08,-1
CSeH3,C,Se,H,4.0,0.16,,,2.08,-1
CsTmH3,Cs,Tm,H,1.0,1.88,,,2.08,-1
CsYbH3,Cs,Yb,H,1.0,1.88,,,2.08,-1
CeBS3,Ce,B,S,,,3.0,0.27,1.84,-2
NdBS3,Nd,B,S,,,3.0,0.27,1.84,-2
PrBS3,Pr,B,S,,,3.0,0.27,1.84,-2
RbBS3,Rb,B,S,1.0,1.72,3.0,0.27,1.84,-2
SmBS3,Sm,B,S,,,3.0,0.27,1.84,-2
TbBS3,Tb,B,S,,,3.0,0.27,1.84,-2
TlBS3,Tl,B,S,,,3.0,0.27,1.84,-2
CeCrS3,Ce,Cr,S,,,,,1.84,-2
DyCrS3,Dy,Cr,S,,,,,1.84,-2
LaCrS3,La,Cr,S,3.0,1.36,,,1.84,-2
NdCrS3,Nd,Cr,S,,,,,1.84,-2
SmCrS3,Sm,Cr,S,,,,,1.84,-2
ThCrS3,Th,Cr,S,4.0,1.21,,,1.84,-2
UCrS3,U,Cr,S,,,,,1.84,-2
KCuS3,K,Cu,S,1.0,1.64,,,1.84,-2
RbCuS3,Rb,Cu,S,1.0,1.72,,,1.84,-2
TaCuS3,Ta,Cu,S,,,,,1.84,-2
UFeS3,U,Fe,S,,,,,1.84,-2
CsGaS3,Cs,Ga,S,1.0,1.88,3.0,0.62,1.84,-2
InGaS3,In,Ga,S,3.0,0.92,3.0,0.62,1.84,-2
LaGaS3,La,Ga,S,3.0,1.36,3.0,0.62,1.84,-2
CeMgS3,Ce,Mg,S,,,2.0,0.89,1.84,-2
DyMgS3,Dy,Mg,S,,,2.0,0.89,1.84,-2
ErMgS3,Er,Mg,S,3.0,1.062,2.0,0.89,1.84,-2
HoMgS3,Ho,Mg,S,3.0,1.12,2.0,0.89,1.84,-2
LaMgS3,La,Mg,S,3.0,1.36,2.0,0.89,1.84,-2
NdMgS3,Nd,Mg,S,,,2.0,0.89,1.84,-2
PmMgS3,Pm,Mg,S,3.0,1.144,2.0,0.89,1.84,-2
PrMgS3,Pr,Mg,S,,,2.0,0.89,1.84,-2
SmMgS3,Sm,Mg,S,,,2.0,0.89,1.84,-2
TbMgS3,Tb,Mg,S,,,2.0,0.89,1.84,-2
TmMgS3,Tm,Mg,S,,,2.0,0.89,1.84,-2
YMgS3,Y,Mg,S,3.0,1.075,2.0,0.89,1.84,-2
YbMgS3,Yb,Mg,S,,,2.0,0.89,1.84,-2
UNiS3,U,Ni,S,,,,,1.84,-2
GePdS3,Ge,Pd,S,,,,,1.84,-2
CeScS3,Ce,Sc,S,,,3.0,0.87,1.84,-2
DyScS3,Dy,Sc,S,,,3.0,0.87,1.84,-2
GdScS3,Gd,Sc,S,3.0,1.107,3.0,0.87,1.84,-2
LaScS3,La,Sc,S,3.0,1.36,3.0,0.87,1.84,-2
MgScS3,Mg,Sc,S,2.0,0.89,3.0,0.87,1.84,-2
NdScS3,Nd,Sc,S,,,3.0,0.87,1.84,-2
PrScS3,Pr,Sc,S,,,3.0,0.87,1.84,-2
SmScS3,Sm,Sc,S,,,3.0,0.87,1.84,-2
TbScS3,Tb,Sc,S,,,3.0,0.87,1.84,-2
YScS3,Y,Sc,S,3.0,1.075,3.0,0.87,1.84,-2
BaTiS3,Ba,Ti,S,2.0,1.61,,,1.84,-2
LaTiS3,La,Ti,S,3.0,1.36,,,1.84,-2
SrTiS3,Sr,Ti,S,2.0,1.44,,,1.84,-2
BaVS3,Ba,V,S,2.0,1.61,,,1.84,-2
LaVS3,La,V,S,3.0,1.36,,,1.84,-2
LiVS3,Li,V,S,1.0,0.92,,,1.84,-2
MgVS3,Mg,V,S,2.0,0.89,,,1.84,-2
UVS3,U,V,S,,,,,1.84,-2
InBiS3,In,Bi,S,3.0,0.92,,,1.84,-2
SmBiS3,Sm,Bi,S,,,,,1.84,-2
BaGeS3,Ba,Ge,S,2.0,1.61,,,1.84,-2
EuGeS3,Eu,Ge,S,,,,,1.84,-2
FeGeS3,Fe,Ge,S,,,,,1.84,-2
SnGeS3,Sn,Ge,S,4.0,0.81,,,1.84,-2
TiGeS3,Ti,Ge,S,,,,,1.84,-2
GePbS3,Ge,Pb,S,,,,,1.84,-2
HfPbS3,Hf,Pb,S,4.0,0.83,,,1.84,-2
PPbS3,P,Pb,S,,,,,1.84,-2
SnPbS3,Sn,Pb,S,4.0,0.81,,,1.84,-2
ZrPbS3,Zr,Pb,S,4.0,0.89,,,1.84,-2
AgPS3,Ag,P,S,,,,,1.84,-2
BaPS3,Ba,P,S,2.0,1.61,,,1.84,-2
CaPS3,Ca,P,S,2.0,1.34,,,1.84,-2
CdPS3,Cd,P,S,2.0,1.31,,,1.84,-2
CoPS3,Co,P,S,,,,,1.84,-2
CsPS3,Cs,P,S,1.0,1.88,,,1.84,-2
CuPS3,Cu,P,S,,,,,1.84,-2
EuPS3,Eu,P,S,,,,,1.84,-2
FePS3,Fe,P,S,,,,,1.84,-2
KPS3,K,P,S,1.0,1.64,,,1.84,-2
MgPS3,Mg,P,S,2.0,0.89,,,1.84,-2
MnPS3,Mn,P,S,,,,,1.84,-2
NaPS3,Na,P,S,1.0,1.39,,,1.84,-2
NiPS3,Ni,P,S,,,,,1.84,-2
RbPS3,Rb,P,S,1.0,1.72,,,1.84,-2
SnPS3,Sn,P,S,4.0,0.81,,,1.84,-2
SrPS3,Sr,P,S,2.0,1.44,,,1.84,-2
TlPS3,Tl,P,S,,,,,1.84,-2
VPS3,V,P,S,,,,,1.84,-2
ZnPS3,Zn,P,S,2.0,0.9,,,1.84,-2
URuS3,U,Ru,S,,,,,1.84,-2
BiSbS3,Bi,Sb,S,,,,,1.84,-2
CrSbS3,Cr,Sb,S,,,,,1.84,-2
InSbS3,In,Sb,S,3.0,0.92,,,1.84,-2
BaSnS3,Ba,Sn,S,2.0,1.61,4.0,0.81,1.84,-2
CaSnS3,Ca,Sn,S,2.0,1.34,4.0,0.81,1.84,-2
CsSnS3,Cs,Sn,S,1.0,1.88,4.0,0.81,1.84,-2
HfSnS3,Hf,Sn,S,4.0,0.83,4.0,0.81,1.84,-2
SrSnS3,Sr,Sn,S,2.0,1.44,4.0,0.81,1.84,-2
ZnSnS3,Zn,Sn,S,2.0,0.9,4.0,0.81,1.84,-2
ZrSnS3,Zr,Sn,S,4.0,0.89,4.0,0.81,1.84,-2
TaAgS3,Ta,Ag,S,,,,,1.84,-2
UCoS3,U,Co,S,,,,,1.84,-2
AlInS3,Al,In,S,3.0,0.535,3.0,0.92,1.84,-2
MgInS3,Mg,In,S,2.0,0.89,3.0,0.92,1.84,-2
NbMoS3,Nb,Mo,S,,,,,1.84,-2
TiMoS3,Ti,Mo,S,,,,,1.84,-2
URhS3,U,Rh,S,,,,,1.84,-2
TaTlS3,Ta,Tl,S,,,,,1.84,-2
YbCeS3,Yb,Ce,S,,,,,1.84,-2
CeDyS3,Ce,Dy,S,,,,,1.84,-2
YbDyS3,Yb,Dy,S,,,,,1.84,-2
CeErS3,Ce,Er,S,,,,,1.84,-2
LaErS3,La,Er,S,3.0,1.36,,,1.84,-2
PrErS3,Pr,Er,S,,,,,1.84,-2
BaHfS3,Ba,Hf,S,2.0,1.61,4.0,0.83,1.84,-2
CaHfS3,Ca,Hf,S,2.0,1.34,4.0,0.83,1.84,-2
EuHfS3,Eu,Hf,S,,,4.0,0.83,1.84,-2
SrHfS3,Sr,Hf,S,2.0,1.44,4.0,0.83,1.84,-2
BaNbS3,Ba,Nb,S,2.0,1.61,,,1.84,-2
YbNdS3,Yb,Nd,S,,,,,1.84,-2
YbPrS3,Yb,Pr,S,,,,,1.84,-2
BaTaS3,Ba,Ta,S,2.0,1.61,,,1.84,-2
CsTaS3,Cs,Ta,S,1.0,1.88,,,1.84,-2
CeTmS3,Ce,Tm,S,,,,,1.84,-2
LaTmS3,La,Tm,S,3.0,1.36,,,1.84,-2
NdTmS3,Nd,Tm,S,,,,,1.84,-2
PrTmS3,Pr,Tm,S,,,,,1.84,-2
BaUS3,Ba,U,S,2.0,1.61,,,1.84,-2
ScUS3,Sc,U,S,3.0,0.87,,,1.84,-2
LaYbS3,La,Yb,S,3.0,1.36,,,1.84,-2
BaZrS3,Ba,Zr,S,2.0,1.61,4.0,0.89,1.84,-2
CaZrS3,Ca,Zr,S,2.0,1.34,4.0,0.89,1.84,-2
EuZrS3,Eu,Zr,S,,,4.0,0.89,1.84,-2
SrZrS3,Sr,Zr,S,2.0,1.44,4.0,0.89,1.84,-2
LaHoS3,La,Ho,S,3.0,1.36,3.0,1.12,1.84,-2
LaYS3,La,Y,S,3.0,1.36,3.0,1.075,1.84,-2
CeLuS3,Ce,Lu,S,,,3.0,1.032,1.84,-2
LaLuS3,La,Lu,S,3.0,1.36,3.0,1.032,1.84,-2
NdLuS3,Nd,Lu,S,,,3.0,1.032,1.84,-2
PrLuS3,Pr,Lu,S,,,3.0,1.032,1.84,-2
SmGdS3,Sm,Gd,S,,,3.0,1.107,1.84,-2
YbGdS3,Yb,Gd,S,,,3.0,1.107,1.84,-2
CsBSe3,Cs,B,Se,1.0,1.88,3.0,0.27,1.98,-2
RbBSe3,Rb,B,Se,1.0,1.72,3.0,0.27,1.98,-2
TlBSe3,Tl,B,Se,,,3.0,0.27,1.98,-2
CeCrSe3,Ce,Cr,Se,,,,,1.98,-2
DyCrSe3,Dy,Cr,Se,,,,,1.98,-2
LaCrSe3,La,Cr,Se,3.0,1.36,,,1.98,-2
NdCrSe3,Nd,Cr,Se,,,,,1.98,-2
PrCrSe3,Pr,Cr,Se,,,,,1.98,-2
TbCrSe3,Tb,Cr,Se,,,,,1.98,-2
ThCrSe3,Th,Cr,Se,4.0,1.21,,,1.98,-2
UCrSe3,U,Cr,Se,,,,,1.98,-2
UFeSe3,U,Fe,Se,,,,,1.98,-2
CrGaSe3,Cr,Ga,Se,,,3.0,0.62,1.98,-2
CsGaSe3,Cs,Ga,Se,1.0,1.88,3.0,0.62,1.98,-2
DyGaSe3,Dy,Ga,Se,,,3.0,0.62,1.98,-2
InGaSe3,In,Ga,Se,3.0,0.92,3.0,0.62,1.98,-2
CeMgSe3,Ce,Mg,Se,,,2.0,0.89,1.98,-2
DyMgSe3,Dy,Mg,Se,,,2.0,0.89,1.98,-2
ErMgSe3,Er,Mg,Se,3.0,1.062,2.0,0.89,1.98,-2
HoMgSe3,Ho,Mg,Se,3.0,1.12,2.0,0.89,1.98,-2
LaMgSe3,La,Mg,Se,3.0,1.36,2.0,0.89,1.98,-2
LuMgSe3,Lu,Mg,Se,3.0,1.032,2.0,0.89,1.98,-2
NdMgSe3,Nd,Mg,Se,,,2.0,0.89,1.98,-2
PmMgSe3,Pm,Mg,Se,3.0,1.144,2.0,0.89,1.98,-2
PrMgSe3,Pr,Mg,Se,,,2.0,0.89,1.98,-2
SmMgSe3,Sm,Mg,Se,,,2.0,0.89,1.98,-2
TbMgSe3,Tb,Mg,Se,,,2.0,0.89,1.98,-2
TmMgSe3,Tm,Mg,Se,,,2.0,0.89,1.98,-2
YMgSe3,Y,Mg,Se,3.0,1.075,2.0,0.89,1.98,-2
YbMgSe3,Yb,Mg,Se,,,2.0,0.89,1.98,-2
ThMnSe3,Th,Mn,Se,4.0,1.21,,,1.98,-2
UMnSe3,U,Mn,Se,,,,,1.98,-2
UNiSe3,U,Ni,Se,,,,,1.98,-2
UPdSe3,U,Pd,Se,,,,,1.98,-2
MgScSe3,Mg,Sc,Se,2.0,0.89,3.0,0.87,1.98,-2
BaTiSe3,Ba,Ti,Se,2.0,1.61,,,1.98,-2
BaVSe3,Ba,V,Se,2.0,1.61,,,1.98,-2
UVSe3,U,V,Se,,,,,1.98,-2
CsAuSe3,Cs,Au,Se,1.0,1.88,,,1.98,-2
BaBiSe3,Ba,Bi,Se,2.0,1.61,,,1.98,-2
InBiSe3,In,Bi,Se,3.0,0.92,,,1.98,-2
SrBiSe3,Sr,Bi,Se,2.0,1.44,,,1.98,-2
PPbSe3,P,Pb,Se,,,,,1.98,-2
BaPSe3,Ba,P,Se,2.0,1.61,,,1.98,-2
CaPSe3,Ca,P,Se,2.0,1.34,,,1.98,-2
CdPSe3,Cd,P,Se,2.0,1.31,,,1.98,-2
CrPSe3,Cr,P,Se,,,,,1.98,-2
EuPSe3,Eu,P,Se,,,,,1.98,-2
FePSe3,Fe,P,Se,,,,,1.98,-2
KPSe3,K,P,Se,1.0,1.64,,,1.98,-2
MgPSe3,Mg,P,Se,2.0,0.89,,,1.98,-2
MnPSe3,Mn,P,Se,,,,,1.98,-2
NiPSe3,Ni,P,Se,,,,,1.98,-2
RbPSe3,Rb,P,Se,1.0,1.72,,,1.98,-2
SnPSe3,Sn,P,Se,4.0,0.81,,,1.98,-2
SrPSe3,Sr,P,Se,2.0,1.44,,,1.98,-2
BiSbSe3,Bi,Sb,Se,,,,,1.98,-2
CrSbSe3,Cr,Sb,Se,,,,,1.98,-2
InSbSe3,In,Sb,Se,3.0,0.92,,,1.98,-2
LaSbSe3,La,Sb,Se,3.0,1.36,,,1.98,-2
SrSbSe3,Sr,Sb,Se,2.0,1.44,,,1.98,-2
CsSnSe3,Cs,Sn,Se,1.0,1.88,4.0,0.81,1.98,-2
UCoSe3,U,Co,Se,,,,,1.98,-2
AlInSe3,Al,In,Se,3.0,0.535,3.0,0.92,1.98,-2
MgInSe3,Mg,In,Se,2.0,0.89,3.0,0.92,1.98,-2
NbMoSe3,Nb,Mo,Se,,,,,1.98,-2
TaTlSe3,Ta,Tl,Se,,,,,1.98,-2
YbCeSe3,Yb,Ce,Se,,,,,1.98,-2
YbNdSe3,Yb,Nd,Se,,,,,1.98,-2
YbPrSe3,Yb,Pr,Se,,,,,1.98,-2
BaTaSe3,Ba,Ta,Se,2.0,1.61,,,1.98,-2
CsTaSe3,Cs,Ta,Se,1.0,1.88,,,1.98,-2
LaYbSe3,La,Yb,Se,3.0,1.36,,,1.98,-2
BaZrSe3,Ba,Zr,Se,2.0,1.61,4.0,0.89,1.98,-2
EuZrSe3,Eu,Zr,Se,,,4.0,0.89,1.98,-2
SrZrSe3,Sr,Zr,Se,2.0,1.44,4.0,0.89,1.98,-2
NdLuSe3,Nd,Lu,Se,,,3.0,1.032,1.98,-2
PrLuSe3,Pr,Lu,Se,,,3.0,1.032,1.98,-2
SmLuSe3,Sm,Lu,Se,,,3.0,1.032,1.98,-2
YbSmSe3,Yb,Sm,Se,,,,,1.98,-2
CsCrBr3,Cs,Cr,Br,1.0,1.88,,,1.96,-1
CsCuBr3,Cs,Cu,Br,1.0,1.88,,,1.96,-1
GaCuBr3,Ga,Cu,Br,3.0,0.62,,,1.96,-1
RbCuBr3,Rb,Cu,Br,1.0,1.72,,,1.96,-1
CsFeBr3,Cs,Fe,Br,1.0,1.88,,,1.96,-1
InFeBr3,In,Fe,Br,3.0,0.92,,,1.96,-1
KFeBr3,K,Fe,Br,1.0,1.64,,,1.96,-1
TlFeBr3,Tl,Fe,Br,,,,,1.96,-1
LiGaBr3,Li,Ga,Br,1.0,0.92,3.0,0.62,1.96,-1
CsMgBr3,Cs,Mg,Br,1.0,1.88,2.0,0.89,1.96,-1
CsMnBr3,Cs,Mn,Br,1.0,1.88,,,1.96,-1
KMnBr3,K,Mn,Br,1.0,1.64,,,1.96,-1
RbMnBr3,Rb,Mn,Br,1.0,1.72,,,1.96,-1
CsNiBr3,Cs,Ni,Br,1.0,1.88,,,1.96,-1
RbNiBr3,Rb,Ni,Br,1.0,1.72,,,1.96,-1
CsPdBr3,Cs,Pd,Br,1.0,1.88,,,1.96,-1
RbPdBr3,Rb,Pd,Br,1.0,1.72,,,1.96,-1
CsScBr3,Cs,Sc,Br,1.0,1.88,3.0,0.87,1.96,-1
RbScBr3,Rb,Sc,Br,1.0,1.72,3.0,0.87,1.96,-1
CsTiBr3,Cs,Ti,Br,1.0,1.88,,,1.96,-1
KTiBr3,K,Ti,Br,1.0,1.64,,,1.96,-1
RbTiBr3,Rb,Ti,Br,1.0,1.72,,,1.96,-1
CsVBr3,Cs,V,Br,1.0,1.88,,,1.96,-1
RbVBr3,Rb,V,Br,1.0,1.72,,,1.96,-1
CsAuBr3,Cs,Au,Br,1.0,1.88,,,1.96,-1
KAuBr3,K,Au,Br,1.0,1.64,,,1.96,-1
RbAuBr3,Rb,Au,Br,1.0,1.72,,,1.96,-1
CsGeBr3,Cs,Ge,Br,1.0,1.88,,,1.96,-1
KGeBr3,K,Ge,Br,1.0,1.64,,,1.96,-1
RbGeBr3,Rb,Ge,Br,1.0,1.72,,,1.96,-1
TlGeBr3,Tl,Ge,Br,,,,,1.96,-1
CsPbBr3,Cs,Pb,Br,1.0,1.88,,,1.96,-1
CuPbBr3,Cu,Pb,Br,,,,,1.96,-1
RbPbBr3,Rb,Pb,Br,1.0,1.72,,,1.96,-1
CsSnBr3,Cs,Sn,Br,1.0,1.88,4.0,0.81,1.96,-1
InSnBr3,In,Sn,Br,3.0,0.92,4.0,0.81,1.96,-1
KSnBr3,K,Sn,Br,1.0,1.64,4.0,0.81,1.96,-1
RbSnBr3,Rb,Sn,Br,1.0,1.72,4.0,0.81,1.96,-1
CsAgBr3,Cs,Ag,Br,1.0,1.88,,,1.96,-1
KAgBr3,K,Ag,Br,1.0,1.64,,,1.96,-1
RbAgBr3,Rb,Ag,Br,1.0,1.72,,,1.96,-1
TlAgBr3,Tl,Ag,Br,,,,,1.96,-1
CrCoBr3,Cr,Co,Br,,,,,1.96,-1
RbCoBr3,Rb,Co,Br,1.0,1.72,,,1.96,-1
CaInBr3,Ca,In,Br,2.0,1.34,3.0,0.92,1.96,-1
CdInBr3,Cd,In,Br,2.0,1.31,3.0,0.92,1.96,-1
CrInBr3,Cr,In,Br,,,3.0,0.92,1.96,-1
CsInBr3,Cs,In,Br,1.0,1.88,3.0,0.92,1.96,-1
KInBr3,K,In,Br,1.0,1.64,3.0,0.92,1.96,-1
MgInBr3,Mg,In,Br,2.0,0.89,3.0,0.92,1.96,-1
MnInBr3,Mn,In,Br,,,3.0,0.92,1.96,-1
RbInBr3,Rb,In,Br,1.0,1.72,3.0,0.92,1.96,-1
YbInBr3,Yb,In,Br,,,3.0,0.92,1.96,-1
AlSBr3,Al,S,Br,3.0,0.535,,,1.96,-1
CaTlBr3,Ca,Tl,Br,2.0,1.34,,,1.96,-1
CsTlBr3,Cs,Tl,Br,1.0,1.88,,,1.96,-1
KTlBr3,K,Tl,Br,1.0,1.64,,,1.96,-1
RbTlBr3,Rb,Tl,Br,1.0,1.72,,,1.96,-1
YbTlBr3,Yb,Tl,Br,,,,,1.96,-1
CsCaBr3,Cs,Ca,Br,1.0,1.88,2.0,1.34,1.96,-1
KCaBr3,K,Ca,Br,1.0,1.64,2.0,1.34,1.96,-1
RbCaBr3,Rb,Ca,Br,1.0,1.72,2.0,1.34,1.96,-1
CsCdBr3,Cs,Cd,Br,1.0,1.88,2.0,1.31,1.96,-1
RbCdBr3,Rb,Cd,Br,1.0,1.72,2.0,1.31,1.96,-1
TlCdBr3,Tl,Cd,Br,,,2.0,1.31,1.96,-1
CsDyBr3,Cs,Dy,Br,1.0,1.88,,,1.96,-1
KDyBr3,K,Dy,Br,1.0,1.64,,,1.96,-1
RbDyBr3,Rb,Dy,Br,1.0,1.72,,,1.96,-1
CsEuBr3,Cs,Eu,Br,1.0,1.88,3.0,1.062,1.96,-1
CsPtBr3,Cs,Pt,Br,1.0,1.88,,,1.96,-1
CsSeBr3,Cs,Se,Br,1.0,1.88,,,1.96,-1
NbSeBr3,Nb,Se,Br,,,,,1.96,-1
RbSeBr3,Rb,Se,Br,1.0,1.72,,,1.96,-1
CsTmBr3,Cs,Tm,Br,1.0,1.88,,,1.96,-1
KTmBr3,K,Tm,Br,1.0,1.64,,,1.96,-1
RbTmBr3,Rb,Tm,Br,1.0,1.72,,,1.96,-1
CsUBr3,Cs,U,Br,1.0,1.88,,,1.96,-1
CsYbBr3,Cs,Yb,Br,1.0,1.88,,,1.96,-1
KYbBr3,K,Yb,Br,1.0,1.64,,,1.96,-1
RbYbBr3,Rb,Yb,Br,1.0,1.72,,,1.96,-1
CsSmBr3,Cs,Sm,Br,1.0,1.88,,,1.96,-1
CsSrBr3,Cs,Sr,Br,1.0,1.88,2.0,1.44,1.96,-1
CsCrCl3,Cs,Cr,Cl,1.0,1.88,,,1.81,-1
KCrCl3,K,Cr,Cl,1.0,1.64,,,1.81,-1
RbCrCl3,Rb,Cr,Cl,1.0,1.72,,,1.81,-1
CsCuCl3,Cs,Cu,Cl,1.0,1.88,,,1.81,-1
KCuCl3,K,Cu,Cl,1.0,1.64,,,1.81,-1
RbCuCl3,Rb,Cu,Cl,1.0,1.72,,,1.81,-1
TlCuCl3,Tl,Cu,Cl,,,,,1.81,-1
CsFeCl3,Cs,Fe,Cl,1.0,1.88,,,1.81,-1
KFeCl3,K,Fe,Cl,1.0,1.64,,,1.81,-1
RbFeCl3,Rb,Fe,Cl,1.0,1.72,,,1.81,-1
LiGaCl3,Li,Ga,Cl,1.0,0.92,3.0,0.62,1.81,-1
CsMgCl3,Cs,Mg,Cl,1.0,1.88,2.0,0.89,1.81,-1
KMgCl3,K,Mg,Cl,1.0,1.64,2.0,0.89,1.81,-1
RbMgCl3,Rb,Mg,Cl,1.0,1.72,2.0,0.89,1.81,-1
CsMnCl3,Cs,Mn,Cl,1.0,1.88,,,1.81,-1
KMnCl3,K,Mn,Cl,1.0,1.64,,,1.81,-1
NaMnCl3,Na,Mn,Cl,1.0,1.39,,,1.81,-1
RbMnCl3,Rb,Mn,Cl,1.0,1.72,,,1.81,-1
BaNiCl3,Ba,Ni,Cl,2.0,1.61,,,1.81,-1
CsNiCl3,Cs,Ni,Cl,1.0,1.88,,,1.81,-1
KNiCl3,K,Ni,Cl,1.0,1.64,,,1.81,-1
RbNiCl3,Rb,Ni,Cl,1.0,1.72,,,1.81,-1
TlNiCl3,Tl,Ni,Cl,,,,,1.81,-1
CsPdCl3,Cs,Pd,Cl,1.0,1.88,,,1.81,-1
RbPdCl3,Rb,Pd,Cl,1.0,1.72,,,1.81,-1
CsScCl3,Cs,Sc,Cl,1.0,1.88,3.0,0.87,1.81,-1
RbScCl3,Rb,Sc,Cl,1.0,1.72,3.0,0.87,1.81,-1
CsTiCl3,Cs,Ti,Cl,1.0,1.88,,,1.81,-1
KTiCl3,K,Ti,Cl,1.0,1.64,,,1.81,-1
LiTiCl3,Li,Ti,Cl,1.0,0.92,,,1.81,-1
RbTiCl3,Rb,Ti,Cl,1.0,1.72,,,1.81,-1
CsVCl3,Cs,V,Cl,1.0,1.88,,,1.81,-1
KVCl3,K,V,Cl,1.0,1.64,,,1.81,-1
RbVCl3,Rb,V,Cl,1.0,1.72,,,1.81,-1
TlVCl3,Tl,V,Cl,,,,,1.81,-1
CsAuCl3,Cs,Au,Cl,1.0,1.88,,,1.81,-1
KAuCl3,K,Au,Cl,1.0,1.64,,,1.81,-1
RbAuCl3,Rb,Au,Cl,1.0,1.72,,,1.81,-1
SiCCl3,Si,C,Cl,4.0,0.4,4.0,0.16,1.81,-1
SnCCl3,Sn,C,Cl,4.0,0.81,4.0,0.16,1.81,-1
CsGeCl3,Cs,Ge,Cl,1.0,1.88,,,1.81,-1
InGeCl3,In,Ge,Cl,3.0,0.92,,,1.81,-1
KGeCl3,K,Ge,Cl,1.0,1.64,,,1.81,-1
RbGeCl3,Rb,Ge,Cl,1.0,1.72,,,1.81,-1
TlGeCl3,Tl,Ge,Cl,,,,,1.81,-1
CsPbCl3,Cs,Pb,Cl,1.0,1.88,,,1.81,-1
InPbCl3,In,Pb,Cl,3.0,0.92,,,1.81,-1
RbPbCl3,Rb,Pb,Cl,1.0,1.72,,,1.81,-1
TlPbCl3,Tl,Pb,Cl,,,,,1.81,-1
CsSnCl3,Cs,Sn,Cl,1.0,1.88,4.0,0.81,1.81,-1
InSnCl3,In,Sn,Cl,3.0,0.92,4.0,0.81,1.81,-1
LiSnCl3,Li,Sn,Cl,1.0,0.92,4.0,0.81,1.81,-1
RbSnCl3,Rb,Sn,Cl,1.0,1.72,4.0,0.81,1.81,-1
CsAgCl3,Cs,Ag,Cl,1.0,1.88,,,1.81,-1
KAgCl3,K,Ag,Cl,1.0,1.64,,,1.81,-1
RbAgCl3,Rb,Ag,Cl,1.0,1.72,,,1.81,-1
TlAgCl3,Tl,Ag,Cl,,,,,1.81,-1
CrCoCl3,Cr,Co,Cl,,,,,1.81,-1
CsCoCl3,Cs,Co,Cl,1.0,1.88,,,1.81,-1
KCoCl3,K,Co,Cl,1.0,1.64,,,1.81,-1
RbCoCl3,Rb,Co,Cl,1.0,1.72,,,1.81,-1
TlCoCl3,Tl,Co,Cl,,,,,1.81,-1
CsInCl3,Cs,In,Cl,1.0,1.88,3.0,0.92,1.81,-1
KInCl3,K,In,Cl,1.0,1.64,3.0,0.92,1.81,-1
RbInCl3,Rb,In,Cl,1.0,1.72,3.0,0.92,1.81,-1
TlInCl3,Tl,In,Cl,,,3.0,0.92,1.81,-1
CaTlCl3,Ca,Tl,Cl,2.0,1.34,,,1.81,-1
CsTlCl3,Cs,Tl,Cl,1.0,1.88,,,1.81,-1
KTlCl3,K,Tl,Cl,1.0,1.64,,,1.81,-1
MgTlCl3,Mg,Tl,Cl,2.0,0.89,,,1.81,-1
MnTlCl3,Mn,Tl,Cl,,,,,1.81,-1
RbTlCl3,Rb,Tl,Cl,1.0,1.72,,,1.81,-1
CsCaCl3,Cs,Ca,Cl,1.0,1.88,2.0,1.34,1.81,-1
KCaCl3,K,Ca,Cl,1.0,1.64,2.0,1.34,1.81,-1
RbCaCl3,Rb,Ca,Cl,1.0,1.72,2.0,1.34,1.81,-1
CsCdCl3,Cs,Cd,Cl,1.0,1.88,2.0,1.31,1.81,-1
KCdCl3,K,Cd,Cl,1.0,1.64,2.0,1.31,1.81,-1
RbCdCl3,Rb,Cd,Cl,1.0,1.72,2.0,1.31,1.81,-1
TlCdCl3,Tl,Cd,Cl,,,2.0,1.31,1.81,-1
CsEuCl3,Cs,Eu,Cl,1.0,1.88,3.0,1.062,1.81,-1
RbEuCl3,Rb,Eu,Cl,1.0,1.72,3.0,1.062,1.81,-1
NbSeCl3,Nb,Se,Cl,,,,,1.81,-1
KTcCl3,K,Tc,Cl,1.0,1.64,,,1.81,-1
CsTmCl3,Cs,Tm,Cl,1.0,1.88,,,1.81,-1
CsYbCl3,Cs,Yb,Cl,1.0,1.88,,,1.81,-1
CsSmCl3,Cs,Sm,Cl,1.0,1.88,,,1.81,-1
CsSrCl3,Cs,Sr,Cl,1.0,1.88,2.0,1.44,1.81,-1
RbSrCl3,Rb,Sr,Cl,1.0,1.72,2.0,1.44,1.81,-1
CsCrI3,Cs,Cr,I,1.0,1.88,,,2.2,-1
RbCrI3,Rb,Cr,I,1.0,1.72,,,2.2,-1
KFeI3,K,Fe,I,1.0,1.64,,,2.2,-1
TlFeI3,Tl,Fe,I,,,,,2.2,-1
LiGaI3,Li,Ga,I,1.0,0.92,3.0,0.62,2.2,-1
CsMgI3,Cs,Mg,I,1.0,1.88,2.0,0.89,2.2,-1
CsMnI3,Cs,Mn,I,1.0,1.88,,,2.2,-1
CsScI3,Cs,Sc,I,1.0,1.88,3.0,0.87,2.2,-1
LiScI3,Li,Sc,I,1.0,0.92,3.0,0.87,2.2,-1
CsSiI3,Cs,Si,I,1.0,1.88,4.0,0.4,2.2,-1
CsTiI3,Cs,Ti,I,1.0,1.88,,,2.2,-1
KTiI3,K,Ti,I,1.0,1.64,,,2.2,-1
RbTiI3,Rb,Ti,I,1.0,1.72,,,2.2,-1
CsVI3,Cs,V,I,1.0,1.88,,,2.2,-1
RbVI3,Rb,V,I,1.0,1.72,,,2.2,-1
CsAuI3,Cs,Au,I,1.0,1.88,,,2.2,-1
KAuI3,K,Au,I,1.0,1.64,,,2.2,-1
RbAuI3,Rb,Au,I,1.0,1.72,,,2.2,-1
CsGeI3,Cs,Ge,I,1.0,1.88,,,2.2,-1
CuGeI3,Cu,Ge,I,,,,,2.2,-1
RbGeI3,Rb,Ge,I,1.0,1.72,,,2.2,-1
TlGeI3,Tl,Ge,I,,,,,2.2,-1
CsPbI3,Cs,Pb,I,1.0,1.88,,,2.2,-1
KPbI3,K,Pb,I,1.0,1.64,,,2.2,-1
RbPbI3,Rb,Pb,I,1.0,1.72,,,2.2,-1
TlPbI3,Tl,Pb,I,,,,,2.2,-1
CsSnI3,Cs,Sn,I,1.0,1.88,4.0,0.81,2.2,-1
KSnI3,K,Sn,I,1.0,1.64,4.0,0.81,2.2,-1
RbSnI3,Rb,Sn,I,1.0,1.72,4.0,0.81,2.2,-1
TlSnI3,Tl,Sn,I,,,4.0,0.81,2.2,-1
CaInI3,Ca,In,I,2.0,1.34,3.0,0.92,2.2,-1
CsInI3,Cs,In,I,1.0,1.88,3.0,0.92,2.2,-1
KInI3,K,In,I,1.0,1.64,3.0,0.92,2.2,-1
RbInI3,Rb,In,I,1.0,1.72,3.0,0.92,2.2,-1
CaTlI3,Ca,Tl,I,2.0,1.34,,,2.2,-1
CsTlI3,Cs,Tl,I,1.0,1.88,,,2.2,-1
KTlI3,K,Tl,I,1.0,1.64,,,2.2,-1
MnTlI3,Mn,Tl,I,,,,,2.2,-1
RbTlI3,Rb,Tl,I,1.0,1.72,,,2.2,-1
CsCaI3,Cs,Ca,I,1.0,1.88,2.0,1.34,2.2,-1
KCaI3,K,Ca,I,1.0,1.64,2.0,1.34,2.2,-1
RbCaI3,Rb,Ca,I,1.0,1.72,2.0,1.34,2.2,-1
TlCdI3,Tl,Cd,I,,,2.0,1.31,2.2,-1
CsDyI3,Cs,Dy,I,1.0,1.88,,,2.2,-1
KDyI3,K,Dy,I,1.0,1.64,,,2.2,-1
RbDyI3,Rb,Dy,I,1.0,1.72,,,2.2,-1
NbSeI3,Nb,Se,I,,,,,2.2,-1
CsTmI3,Cs,Tm,I,1.0,1.88,,,2.2,-1
KTmI3,K,Tm,I,1.0,1.64,,,2.2,-1
RbTmI3,Rb,Tm,I,1.0,1.72,,,2.2,-1
CsYbI3,Cs,Yb,I,1.0,1.88,,,2.2,-1
KYbI3,K,Yb,I,1.0,1.64,,,2.2,-1
RbYbI3,Rb,Yb,I,1.0,1.72,,,2.2,-1
CsBaI3,Cs,Ba,I,1.0,1.88,2.0,1.61,2.2,-1
CsSmI3,Cs,Sm,I,1.0,1.88,,,2.2,-1
RbSmI3,Rb,Sm,I,1.0,1.72,,,2.2,-1
CsSrI3,Cs,Sr,I,1.0,1.88,2.0,1.44,2.2,-1
KSrI3,K,Sr,I,1.0,1.64,2.0,1.44,2.2,-1
RbSrI3,Rb,Sr,I,1.0,1.72,2.0,1.44,2.2,-1
KCrF3,K,Cr,F,1.0,1.64,,,1.33,-1
KCuF3,K,Cu,F,1.0,1.64,,,1.33,-1
LiCuF3,Li,Cu,F,1.0,0.92,,,1.33,-1
NaCuF3,Na,Cu,F,1.0,1.39,,,1.33,-1
RbCuF3,Rb,Cu,F,1.0,1.72,,,1.33,-1
TlCuF3,Tl,Cu,F,,,,,1.33,-1
ZrCuF3,Zr,Cu,F,4.0,0.89,,,1.33,-1
CsFeF3,Cs,Fe,F,1.0,1.88,,,1.33,-1
KFeF3,K,Fe,F,1.0,1.64,,,1.33,-1
LiFeF3,Li,Fe,F,1.0,0.92,,,1.33,-1
NaFeF3,Na,Fe,F,1.0,1.39,,,1.33,-1
RbFeF3,Rb,Fe,F,1.0,1.72,,,1.33,-1
TlFeF3,Tl,Fe,F,,,,,1.33,-1
CsMgF3,Cs,Mg,F,1.0,1.88,2.0,0.89,1.33,-1
KMgF3,K,Mg,F,1.0,1.64,2.0,0.89,1.33,-1
NaMgF3,Na,Mg,F,1.0,1.39,2.0,0.89,1.33,-1
RbMgF3,Rb,Mg,F,1.0,1.72,2.0,0.89,1.33,-1
CsMnF3,Cs,Mn,F,1.0,1.88,,,1.33,-1
KMnF3,K,Mn,F,1.0,1.64,,,1.33,-1
LiMnF3,Li,Mn,F,1.0,0.92,,,1.33,-1
NaMnF3,Na,Mn,F,1.0,1.39,,,1.33,-1
RbMnF3,Rb,Mn,F,1.0,1.72,,,1.33,-1
CsNiF3,Cs,Ni,F,1.0,1.88,,,1.33,-1
KNiF3,K,Ni,F,1.0,1.64,,,1.33,-1
LiNiF3,Li,Ni,F,1.0,0.92,,,1.33,-1
NaNiF3,Na,Ni,F,1.0,1.39,,,1.33,-1
RbNiF3,Rb,Ni,F,1.0,1.72,,,1.33,-1
TlNiF3,Tl,Ni,F,,,,,1.33,-1
CsPdF3,Cs,Pd,F,1.0,1.88,,,1.33,-1
KPdF3,K,Pd,F,1.0,1.64,,,1.33,-1
NaPdF3,Na,Pd,F,1.0,1.39,,,1.33,-1
RbPdF3,Rb,Pd,F,1.0,1.72,,,1.33,-1
TlPdF3,Tl,Pd,F,,,,,1.33,-1
NaTiF3,Na,Ti,F,1.0,1.39,,,1.33,-1
KVF3,K,V,F,1.0,1.64,,,1.33,-1
LiVF3,Li,V,F,1.0,0.92,,,1.33,-1
NaVF3,Na,V,F,1.0,1.39,,,1.33,-1
RbVF3,Rb,V,F,1.0,1.72,,,1.33,-1
CsAuF3,Cs,Au,F,1.0,1.88,,,1.33,-1
KAuF3,K,Au,F,1.0,1.64,,,1.33,-1
RbAuF3,Rb,Au,F,1.0,1.72,,,1.33,-1
RbBiF3,Rb,Bi,F,1.0,1.72,,,1.33,-1
AsCF3,As,C,F,,,4.0,0.16,1.33,-1
PCF3,P,C,F,,,4.0,0.16,1.33,-1
TlGeF3,Tl,Ge,F,,,,,1.33,-1
CIF3,C,I,F,4.0,0.16,,,1.33,-1
CsPbF3,Cs,Pb,F,1.0,1.88,,,1.33,-1
RbPbF3,Rb,Pb,F,1.0,1.72,,,1.33,-1
InPF3,In,P,F,3.0,0.92,,,1.33,-1
NaPF3,Na,P,F,1.0,1.39,,,1.33,-1
CsSnF3,Cs,Sn,F,1.0,1.88,4.0,0.81,1.33,-1
KSnF3,K,Sn,F,1.0,1.64,4.0,0.81,1.33,-1
RbSnF3,Rb,Sn,F,1.0,1.72,4.0,0.81,1.33,-1
TlSnF3,Tl,Sn,F,,,4.0,0.81,1.33,-1
CoAgF3,Co,Ag,F,,,,,1.33,-1
CsAgF3,Cs,Ag,F,1.0,1.88,,,1.33,-1
CuAgF3,Cu,Ag,F,,,,,1.33,-1
KAgF3,K,Ag,F,1.0,1.64,,,1.33,-1
LiAgF3,Li,Ag,F,1.0,0.92,,,1.33,-1
MgAgF3,Mg,Ag,F,2.0,0.89,,,1.33,-1
MnAgF3,Mn,Ag,F,,,,,1.33,-1
NiAgF3,Ni,Ag,F,,,,,1.33,-1
RbAgF3,Rb,Ag,F,1.0,1.72,,,1.33,-1
TlAgF3,Tl,Ag,F,,,,,1.33,-1
ZnAgF3,Zn,Ag,F,2.0,0.9,,,1.33,-1
CsCoF3,Cs,Co,F,1.0,1.88,,,1.33,-1
KCoF3,K,Co,F,1.0,1.64,,,1.33,-1
LiCoF3,Li,Co,F,1.0,0.92,,,1.33,-1
NaCoF3,Na,Co,F,1.0,1.39,,,1.33,-1
RbCoF3,Rb,Co,F,1.0,1.72,,,1.33,-1
TlCoF3,Tl,Co,F,,,,,1.33,-1
CsInF3,Cs,In,F,1.0,1.88,3.0,0.92,1.33,-1
KInF3,K,In,F,1.0,1.64,3.0,0.92,1.33,-1
MnInF3,Mn,In,F,,,3.0,0.92,1.33,-1
RbInF3,Rb,In,F,1.0,1.72,3.0,0.92,1.33,-1
CaTlF3,Ca,Tl,F,2.0,1.34,,,1.33,-1
CsTlF3,Cs,Tl,F,1.0,1.88,,,1.33,-1
KTlF3,K,Tl,F,1.0,1.64,,,1.33,-1
MgTlF3,Mg,Tl,F,2.0,0.89,,,1.33,-1
MnTlF3,Mn,Tl,F,,,,,1.33,-1
RbTlF3,Rb,Tl,F,1.0,1.72,,,1.33,-1
CsBeF3,Cs,Be,F,1.0,1.88,2.0,0.45,1.33,-1
KBeF3,K,Be,F,1.0,1.64,2.0,0.45,1.33,-1
CsCaF3,Cs,Ca,F,1.0,1.88,2.0,1.34,1.33,-1
KCaF3,K,Ca,F,1.0,1.64,2.0,1.34,1.33,-1
LiCaF3,Li,Ca,F,1.0,0.92,2.0,1.34,1.33,-1
RbCaF3,Rb,Ca,F,1.0,1.72,2.0,1.34,1.33,-1
CsCdF3,Cs,Cd,F,1.0,1.88,2.0,1.31,1.33,-1
KCdF3,K,Cd,F,1.0,1.64,2.0,1.31,1.33,-1
NaCdF3,Na,Cd,F,1.0,1.39,2.0,1.31,1.33,-1
RbCdF3,Rb,Cd,F,1.0,1.72,2.0,1.31,1.33,-1
TlCdF3,Tl,Cd,F,,,2.0,1.31,1.33,-1
CsEuF3,Cs,Eu,F,1.0,1.88,3.0,1.062,1.33,-1
BaLiF3,Ba,Li,F,2.0,1.61,1.0,0.92,1.33,-1
CsYbF3,Cs,Yb,F,1.0,1.88,,,1.33,-1
RbYbF3,Rb,Yb,F,1.0,1.72,,,1.33,-1
KZnF3,K,Zn,F,1.0,1.64,2.0,0.9,1.33,-1
NaZnF3,Na,Zn,F,1.0,1.39,2.0,0.9,1.33,-1
RbZnF3,Rb,Zn,F,1.0,1.72,2.0,0.9,1.33,-1
TlZnF3,Tl,Zn,F,,,2.0,0.9,1.33,-1
CsNaF3,Cs,Na,F,1.0,1.88,1.0,1.39,1.33,-1
CsSrF3,Cs,Sr,F,1.0,1.88,2.0,1.44,1.33,-1
LaCrN3,La,Cr,N,3.0,1.36,,,1.46,-3
NbCrN3,Nb,Cr,N,,,,,1.46,-3
LaMnN3,La,Mn,N,3.0,1.36,,,1.46,-3
LaVN3,La,V,N,3.0,1.36,,,1.46,-3
SiPN3,Si,P,N,4.0,0.4,,,1.46,-3
TiPN3,Ti,P,N,,,,,1.46,-3
MoRuN3,Mo,Ru,N,,,,,1.46,-3
KSnN3,K,Sn,N,1.0,1.64,4.0,0.81,1.46,-3
LaCoN3,La,Co,N,3.0,1.36,,,1.46,-3
AlMoN3,Al,Mo,N,3.0,0.535,,,1.46,-3
BMoN3,B,Mo,N,3.0,0.27,,,1.46,-3
CaMoN3,Ca,Mo,N,2.0,1.34,,,1.46,-3
CoMoN3,Co,Mo,N,,,,,1.46,-3
GaMoN3,Ga,Mo,N,3.0,0.62,,,1.46,-3
LaMoN3,La,Mo,N,3.0,1.36,,,1.46,-3
NbMoN3,Nb,Mo,N,,,,,1.46,-3
NiMoN3,Ni,Mo,N,,,,,1.46,-3
ReMoN3,Re,Mo,N,,,,,1.46,-3
ScMoN3,Sc,Mo,N,3.0,0.87,,,1.46,-3
TaMoN3,Ta,Mo,N,,,,,1.46,-3
TiMoN3,Ti,Mo,N,,,,,1.46,-3
VMoN3,V,Mo,N,,,,,1.46,-3
YMoN3,Y,Mo,N,3.0,1.075,,,1.46,-3
ZrMoN3,Zr,Mo,N,4.0,0.89,,,1.46,-3
CSN3,C,S,N,4.0,0.16,,,1.46,-3
AlWN3,Al,W,N,3.0,0.535,,,1.46,-3
BaWN3,Ba,W,N,2.0,1.61,,,1.46,-3
CaWN3,Ca,W,N,2.0,1.34,,,1.46,-3
CoWN3,Co,W,N,,,,,1.46,-3
LaWN3,La,W,N,3.0,1.36,,,1.46,-3
MoWN3,Mo,W,N,,,,,1.46,-3
NbWN3,Nb,W,N,,,,,1.46,-3
ReWN3,Re,W,N,,,,,1.46,-3
RhWN3,Rh,W,N,,,,,1.46,-3
ScWN3,Sc,W,N,3.0,0.87,,,1.46,-3
SrWN3,Sr,W,N,2.0,1.44,,,1.46,-3
TaWN3,Ta,W,N,,,,,1.46,-3
TiWN3,Ti,W,N,,,,,1.46,-3
VWN3,V,W,N,,,,,1.46,-3
YWN3,Y,W,N,3.0,1.075,,,1.46,-3
ZrWN3,Zr,W,N,4.0,0.89,,,1.46,-3
RbBeN3,Rb,Be,N,1.0,1.72,2.0,0.45,1.46,-3
NaCaN3,Na,Ca,N,1.0,1.39,2.0,1.34,1.46,-3
KCdN3,K,Cd,N,1.0,1.64,2.0,1.31,1.46,-3
RbCdN3,Rb,Cd,N,1.0,1.72,2.0,1.31,1.46,-3
TlCdN3,Tl,Cd,N,,,2.0,1.31,1.46,-3
LaOsN3,La,Os,N,3.0,1.36,,,1.46,-3
BaReN3,Ba,Re,N,2.0,1.61,,,1.46,-3
CaReN3,Ca,Re,N,2.0,1.34,,,1.46,-3
LaReN3,La,Re,N,3.0,1.36,,,1.46,-3
SrReN3,Sr,Re,N,2.0,1.44,,,1.46,-3
TiReN3,Ti,Re,N,,,,,1.46,-3
YReN3,Y,Re,N,3.0,1.075,,,1.46,-3
LaTaN3,La,Ta,N,3.0,1.36,,,1.46,-3
ThTaN3,Th,Ta,N,4.0,1.21,,,1.46,-3
CaTcN3,Ca,Tc,N,2.0,1.34,,,1.46,-3
LaTcN3,La,Tc,N,3.0,1.36,,,1.46,-3
SrTcN3,Sr,Tc,N,2.0,1.44,,,1.46,-3
YTcN3,Y,Tc,N,3.0,1.075,,,1.46,-3
KBaN3,K,Ba,N,1.0,1.64,2.0,1.61,1.46,-3
RbBaN3,Rb,Ba,N,1.0,1.72,2.0,1.61,1.46,-3
